customer_id,name,gender,age,city,nationality,monthly_income_aed,segment,account_open_date,risk_band
C00001,Anwar Ahmed,Female,56,Sharjah,UAE,2000,Low Income,29-01-2023,Medium
C00002,Fatima Singh,Male,69,Umm Al Quwain,Lebanon,2000,Low Income,22-03-2019,High
C00003,Anita Iqbal,Male,46,Dubai,Lebanon,2000,Low Income,04-04-2021,Low
C00004,Raj Nair,Female,32,Abu Dhabi,India,2000,Low Income,21-03-2024,Low
C00005,Dina Ahmed,Female,60,Sharjah,Philippines,2000,Low Income,11-09-2019,High
C00006,Tanvi Singh,Female,25,Ajman,India,2000,Low Income,20-01-2024,Medium
C00007,Sameer Al Maktoum,Male,38,Abu Dhabi,Philippines,2000,Low Income,20-07-2022,Low
C00008,Keerthi Rahman,Male,56,Dubai,Egypt,2000,Low Income,29-04-2021,Low
C00009,Mohammed Khan,Female,36,Dubai,Jordan,2000,Low Income,09-10-2019,Medium
C00010,Mary Fernandes,Male,40,Sharjah,India,2000,Low Income,16-02-2017,Low
C00011,Raj Oommen,Female,28,Sharjah,Egypt,2000,Low Income,25-12-2015,Low
C00012,Philip Khan,Male,28,Dubai,India,2000,Low Income,23-02-2025,Low
C00013,Nadia Fernandes,Female,41,Dubai,Nepal,2000,Low Income,26-07-2023,Low
C00014,Shreya Das,Male,53,Ras Al Khaimah,UAE,2000,Low Income,11-08-2019,Low
C00015,Rakesh Sebastian,Female,57,Sharjah,Pakistan,2000,Low Income,29-03-2016,Medium
C00016,Noura Iqbal,Male,41,Al Ain,Philippines,2000,Low Income,07-03-2017,Medium
C00017,Ibrahim Philip,Female,20,Sharjah,Philippines,2000,Low Income,01-09-2021,Low
C00018,Anita Choudhary,Male,39,Dubai,UAE,2000,Low Income,20-02-2016,High
C00019,Ahmed Gupta,Male,19,Abu Dhabi,Jordan,2000,Low Income,18-01-2024,Low
C00020,Hassan Kim,Male,41,Abu Dhabi,India,2000,Low Income,05-09-2019,Low
C00021,Rhea Varghese,Male,61,Dubai,Philippines,2000,Low Income,31-03-2019,High
C00022,Anita Nair,Female,47,Abu Dhabi,India,2000,Low Income,09-08-2016,Low
C00023,Laila Gupta,Female,55,Sharjah,India,2000,Low Income,13-12-2016,Medium
C00024,Yasmin Ahmed,Female,19,Dubai,Pakistan,2000,Low Income,25-02-2025,Medium
C00025,Mary Hassan,Male,38,Sharjah,India,2000,Low Income,07-04-2017,Low
C00026,Anil Mathew,Female,50,Abu Dhabi,UAE,2000,Low Income,06-11-2022,Low
C00027,Ali Abraham,Male,29,Umm Al Quwain,UAE,2000,Low Income,18-04-2019,Medium
C00028,Sunil Choudhary,Male,39,Dubai,India,2000,Low Income,15-02-2024,Low
C00029,Mohammed Singh,Male,61,Dubai,Egypt,2000,Low Income,15-08-2017,Low
C00030,Zara Sebastian,Male,42,Abu Dhabi,UK,2000,Low Income,06-03-2020,High
C00031,Sneha Joseph,Female,66,Dubai,UAE,2000,Low Income,01-07-2018,Medium
C00032,Maya Al Maktoum,Female,44,Sharjah,India,2000,Low Income,01-08-2023,Low
C00033,Nadia Menon,Female,59,Sharjah,UAE,2000,Low Income,09-05-2022,Medium
C00034,Anwar Abraham,Male,45,Dubai,UAE,2000,Low Income,26-02-2025,High
C00035,Khalid Philip,Male,33,Abu Dhabi,Philippines,2000,Low Income,29-04-2025,Medium
C00036,Omar Kim,Male,32,Abu Dhabi,Pakistan,2000,Low Income,25-12-2015,Low
C00037,Joseph Al Nahyan,Male,64,Dubai,UAE,2000,Low Income,17-01-2019,Medium
C00038,Nikhil Iqbal,Male,68,Fujairah,India,2000,Low Income,17-06-2021,Low
C00039,Ameera Menon,Male,61,Ajman,UAE,2000,Low Income,16-11-2020,Low
C00040,Mary D'Souza,Male,69,Abu Dhabi,Bangladesh,2000,Low Income,22-10-2016,High
C00041,Raj D'Souza,Female,20,Sharjah,Lebanon,2000,Low Income,27-09-2018,Low
C00042,Anil Hassan,Female,54,Abu Dhabi,UAE,2000,Low Income,21-01-2020,Medium
C00043,Anita Patel,Female,68,Fujairah,India,2000,Low Income,02-10-2017,Medium
C00044,Anwar Prasad,Female,24,Abu Dhabi,Bangladesh,2000,Low Income,04-06-2023,Low
C00045,Khalid Thomas,Female,38,Sharjah,USA,2000,Low Income,30-10-2024,Low
C00046,Khalid Mathew,Male,26,Ajman,India,2000,Low Income,10-01-2020,Low
C00047,Laila Pillai,Female,56,Dubai,UAE,2000,Low Income,12-05-2018,Low
C00048,Anita Kim,Female,35,Sharjah,UAE,2000,Low Income,03-02-2025,Low
C00049,Tanvi Das,Male,21,Dubai,Pakistan,2000,Low Income,11-09-2017,Medium
C00050,Joseph Abraham,Male,42,Dubai,India,2000,Low Income,26-10-2023,Low
C00051,Anwar Thomas,Female,31,Dubai,UAE,2000,Low Income,18-05-2020,Low
C00052,Sameer Singh,Male,67,Umm Al Quwain,Pakistan,2000,Low Income,12-01-2017,Medium
C00053,Priya Thomas,Male,26,Ajman,UAE,2000,Low Income,10-01-2024,Low
C00054,Zara Hassan,Female,43,Sharjah,Egypt,2000,Low Income,03-10-2023,Medium
C00055,Anita Joseph,Male,19,Sharjah,India,2000,Low Income,12-03-2016,Low
C00056,Anwar Kim,Male,37,Abu Dhabi,UAE,2000,Low Income,06-12-2021,Medium
C00057,Nadia Iqbal,Male,45,Fujairah,Pakistan,2000,Low Income,05-08-2017,Low
C00058,Tanvi Varghese,Male,64,Abu Dhabi,India,2000,Low Income,26-08-2020,Low
C00059,Ameera Gupta,Male,24,Dubai,Lebanon,2000,Low Income,25-08-2022,Medium
C00060,Aisha Iqbal,Female,61,Dubai,Pakistan,2000,Low Income,22-02-2019,Medium
C00061,Mohammed Choudhary,Male,25,Sharjah,India,2000,Low Income,05-08-2017,Low
C00062,Zayed Hassan,Male,64,Sharjah,Philippines,2000,Low Income,22-06-2017,Low
C00063,Anita Al Maktoum,Male,52,Dubai,India,2000,Low Income,17-06-2024,Medium
C00064,Laila Joseph,Female,31,Dubai,UK,2000,Low Income,04-04-2022,Medium
C00065,Vivek Cherian,Male,34,Ajman,India,2000,Low Income,20-09-2017,Low
C00066,Shreya Varghese,Male,53,Dubai,Pakistan,2000,Low Income,02-07-2020,Low
C00067,Laila Das,Female,67,Sharjah,UAE,2000,Low Income,03-06-2022,Low
C00068,Neha Hassan,Female,57,Umm Al Quwain,India,2000,Low Income,08-06-2018,Low
C00069,Reem Patel,Male,21,Abu Dhabi,Bangladesh,2000,Low Income,12-09-2015,Medium
C00070,Sara Sharma,Female,19,Dubai,Egypt,2000,Low Income,09-06-2016,High
C00071,Arjun Iqbal,Male,23,Sharjah,India,2000,Low Income,14-06-2022,Low
C00072,Dina Sebastian,Male,59,Sharjah,India,2000,Low Income,13-09-2018,Medium
C00073,Sameer Sharma,Male,21,Abu Dhabi,Egypt,2000,Low Income,08-03-2025,Low
C00074,Dina Philip,Male,46,Umm Al Quwain,Jordan,2000,Low Income,05-10-2018,Low
C00075,Rhea Cherian,Female,35,Dubai,UAE,2000,Low Income,14-08-2016,Low
C00076,Keerthi Hassan,Male,43,Abu Dhabi,India,2000,Low Income,26-09-2016,Low
C00077,Khalid Iqbal,Male,61,Sharjah,India,2000,Low Income,30-03-2024,Medium
C00078,Arjun Oommen,Female,51,Ajman,Bangladesh,2000,Low Income,23-03-2023,High
C00079,Neha Al Maktoum,Female,27,Dubai,UAE,2000,Low Income,19-10-2016,Low
C00080,Imran Al Nahyan,Male,53,Sharjah,India,2000,Low Income,11-04-2020,Medium
C00081,Sneha Nair,Female,31,Abu Dhabi,Egypt,2000,Low Income,04-03-2025,Low
C00082,Anwar Thomas,Male,48,Dubai,UAE,2000,Low Income,08-11-2021,Low
C00083,Tanvi Rahman,Female,65,Dubai,Pakistan,2000,Low Income,21-12-2016,Low
C00084,Philip Al Maktoum,Female,32,Ajman,India,2000,Low Income,12-07-2016,Low
C00085,Maya Hassan,Female,25,Dubai,India,2000,Low Income,10-11-2021,Low
C00086,Philip Patel,Male,31,Dubai,India,2000,Low Income,01-10-2017,Low
C00087,Huda Sharma,Male,40,Dubai,Pakistan,2000,Low Income,23-02-2018,Low
C00088,Nadia D'Souza,Male,57,Ras Al Khaimah,UAE,2000,Low Income,01-05-2025,Low
C00089,Ahmed Pillai,Male,38,Abu Dhabi,Pakistan,2000,Low Income,10-11-2021,Medium
C00090,Sultan Ahmed,Male,33,Sharjah,Egypt,2000,Low Income,12-01-2025,Low
C00091,Tanvi Cherian,Female,62,Dubai,Egypt,2000,Low Income,22-09-2016,Low
C00092,Sameer Gupta,Male,35,Abu Dhabi,UAE,2000,Low Income,08-02-2024,Low
C00093,Anita Gupta,Male,64,Abu Dhabi,UAE,2000,Low Income,01-11-2016,Low
C00094,Reem Varghese,Female,41,Ajman,India,2000,Low Income,02-10-2024,Low
C00095,Sneha Menon,Male,43,Ras Al Khaimah,India,2000,Low Income,06-08-2023,Low
C00096,Rhea Thomas,Female,42,Dubai,India,2000,Low Income,14-03-2021,Medium
C00097,Zara Khan,Male,62,Abu Dhabi,Philippines,2000,Low Income,02-05-2017,Medium
C00098,Sultan Cherian,Male,58,Dubai,UAE,2000,Low Income,31-07-2021,High
C00099,Sultan Sharma,Male,46,Abu Dhabi,UAE,2000,Low Income,23-05-2025,Low
C00100,Abdullah Gupta,Male,32,Dubai,India,2000,Low Income,18-09-2018,Medium
C00101,Noor Oommen,Female,62,Dubai,Philippines,2000,Low Income,14-05-2021,Medium
C00102,Anil D'Souza,Male,18,Dubai,India,2000,Low Income,27-06-2024,Low
C00103,Anwar Menon,Male,42,Abu Dhabi,Philippines,2000,Low Income,18-11-2023,Low
C00104,Anwar Oommen,Male,24,Dubai,India,2000,Low Income,20-05-2016,Low
C00105,Philip Fernandes,Male,26,Sharjah,UK,2000,Low Income,28-03-2021,Low
C00106,Sara Mathew,Female,41,Abu Dhabi,UK,2000,Low Income,23-05-2022,Medium
C00107,Imran Thomas,Male,18,Dubai,India,2000,Low Income,31-07-2023,High
C00108,Sameer Gupta,Female,61,Sharjah,India,2000,Low Income,21-01-2024,Low
C00109,Huda Joseph,Female,25,Dubai,India,2000,Low Income,25-03-2020,Low
C00110,Ahmed Abraham,Male,41,Abu Dhabi,India,2000,Low Income,31-10-2017,Medium
C00111,Zayed Sheikh,Female,28,Abu Dhabi,Philippines,2000,Low Income,12-10-2020,Medium
C00112,Fatima Ahmed,Male,68,Dubai,Bangladesh,2000,Low Income,10-07-2017,Medium
C00113,Khalid Cherian,Male,34,Dubai,Philippines,2000,Low Income,20-04-2018,Low
C00114,Lauren Iqbal,Male,25,Dubai,Bangladesh,2000,Low Income,03-12-2017,Low
C00115,Aisha Iqbal,Female,52,Fujairah,India,2000,Low Income,14-03-2019,Low
C00116,Vivek Al Maktoum,Female,52,Abu Dhabi,UAE,2000,Low Income,28-02-2018,Low
C00117,Mary Singh,Male,50,Abu Dhabi,Philippines,2000,Low Income,10-06-2017,Low
C00118,Neha Prasad,Female,22,Abu Dhabi,India,2000,Low Income,07-11-2022,Low
C00119,Joseph Gupta,Male,59,Dubai,Philippines,2000,Low Income,18-03-2020,Medium
C00120,Sameer Gupta,Male,56,Abu Dhabi,India,2000,Low Income,11-03-2021,Low
C00121,Arjun Nair,Male,58,Sharjah,UAE,2000,Low Income,05-12-2017,High
C00122,Nikhil Sheikh,Female,45,Dubai,Nepal,2000,Low Income,10-07-2021,Low
C00123,Nadia Thomas,Female,24,Dubai,UAE,2000,Low Income,25-09-2019,Low
C00124,Sunil Oommen,Male,26,Dubai,Sri Lanka,2000,Low Income,23-07-2022,High
C00125,Philip Rahman,Male,25,Abu Dhabi,Lebanon,2000,Low Income,09-08-2016,Low
C00126,Laila Joseph,Male,29,Al Ain,Egypt,2000,Low Income,21-10-2017,Low
C00127,Sameer Gupta,Male,51,Dubai,Philippines,2000,Low Income,30-03-2016,Low
C00128,Sultan Kim,Male,50,Abu Dhabi,Pakistan,2000,Low Income,21-06-2016,Low
C00129,Omar Kim,Female,65,Dubai,Bangladesh,2000,Low Income,20-02-2019,Medium
C00130,Lauren Hassan,Male,40,Umm Al Quwain,India,2000,Low Income,25-09-2021,Medium
C00131,Nikhil Das,Male,41,Dubai,Pakistan,2000,Low Income,13-08-2019,Low
C00132,Khalid Patel,Male,54,Abu Dhabi,Pakistan,2000,Low Income,04-05-2018,Low
C00133,Huda Patel,Female,52,Sharjah,India,2000,Low Income,07-01-2022,Medium
C00134,Sneha Iqbal,Female,61,Sharjah,India,2000,Low Income,10-11-2020,Medium
C00135,Raj Al Maktoum,Male,57,Abu Dhabi,India,2000,Low Income,11-06-2018,Medium
C00136,Yasmin Khan,Female,39,Dubai,Pakistan,2000,Low Income,12-02-2023,Low
C00137,Keerthi Sebastian,Male,44,Dubai,Bangladesh,2000,Low Income,10-04-2022,Low
C00138,Raj Philip,Male,52,Dubai,India,2000,Low Income,07-06-2016,Low
C00139,Raj Khan,Male,18,Dubai,Jordan,2000,Low Income,14-04-2016,Low
C00140,Joseph Kim,Male,52,Abu Dhabi,Philippines,2000,Low Income,16-05-2021,Low
C00141,Anwar Al Nahyan,Male,54,Dubai,Bangladesh,2000,Low Income,13-05-2025,Low
C00142,Raj Al Maktoum,Female,64,Dubai,Pakistan,2000,Low Income,28-10-2017,Low
C00143,Mohammed D'Souza,Female,31,Abu Dhabi,Egypt,2000,Low Income,28-03-2016,Low
C00144,Yasmin Al Maktoum,Female,20,Umm Al Quwain,UAE,2000,Low Income,15-02-2018,Medium
C00145,Abdullah Iqbal,Male,18,Abu Dhabi,Egypt,2000,Low Income,19-05-2021,Low
C00146,Anita Pillai,Male,22,Dubai,UAE,2000,Low Income,04-12-2024,Low
C00147,Neha Fernandes,Female,43,Dubai,UK,2000,Low Income,29-05-2022,Low
C00148,Sameer Nair,Male,31,Umm Al Quwain,Nepal,2000,Low Income,10-02-2020,Low
C00149,Sultan Joseph,Male,56,Dubai,India,2000,Low Income,01-04-2022,Low
C00150,Vivek Philip,Male,44,Dubai,India,2000,Low Income,11-03-2016,Medium
C00151,Rohan Iqbal,Female,26,Abu Dhabi,Egypt,2000,Low Income,25-10-2024,Low
C00152,Rohan Choudhary,Male,32,Abu Dhabi,India,2000,Low Income,12-02-2017,Medium
C00153,Noura Fernandes,Male,32,Abu Dhabi,Bangladesh,2000,Low Income,22-02-2024,Low
C00154,Anil Ahmed,Female,43,Dubai,UAE,2000,Low Income,31-01-2025,Low
C00155,Nikhil Rahman,Male,59,Dubai,UAE,2000,Low Income,29-03-2025,Low
C00156,Ali Rahman,Male,30,Umm Al Quwain,Lebanon,2000,Low Income,06-02-2022,Low
C00157,Noura Patel,Male,68,Dubai,Philippines,2000,Low Income,06-10-2020,Low
C00158,Sultan Al Nahyan,Male,49,Abu Dhabi,Bangladesh,2000,Low Income,23-02-2016,Low
C00159,Tanvi Das,Female,56,Sharjah,India,2000,Low Income,10-01-2017,Low
C00160,Reem Ahmed,Male,66,Abu Dhabi,Philippines,2000,Low Income,31-07-2022,High
C00161,Aisha Hassan,Male,69,Dubai,Pakistan,2000,Low Income,06-04-2024,Low
C00162,Sultan Varghese,Female,49,Dubai,Pakistan,2000,Low Income,11-02-2017,Low
C00163,Anil Iqbal,Female,21,Abu Dhabi,Philippines,2000,Low Income,27-08-2020,Medium
C00164,Omar Fernandes,Female,47,Ajman,Pakistan,2000,Low Income,28-09-2019,Low
C00165,Sameer Patel,Male,54,Fujairah,India,2000,Low Income,28-09-2016,Low
C00166,Arjun Rahman,Male,40,Dubai,India,2000,Low Income,04-06-2018,Low
C00167,Noor Sharma,Female,56,Dubai,Egypt,2000,Low Income,11-04-2018,Medium
C00168,Zara Iqbal,Female,62,Fujairah,India,2000,Low Income,29-12-2018,Low
C00169,Joseph Patel,Male,32,Sharjah,Philippines,2000,Low Income,06-05-2023,Medium
C00170,Nadia Ahmed,Male,60,Ras Al Khaimah,India,2000,Low Income,14-03-2018,Medium
C00171,Aisha Das,Male,46,Dubai,Philippines,2000,Low Income,13-05-2024,Low
C00172,Sameer Prasad,Female,53,Abu Dhabi,Egypt,2000,Low Income,23-12-2016,Low
C00173,Ahmed Al Maktoum,Male,30,Sharjah,India,2000,Low Income,16-07-2018,High
C00174,Imran D'Souza,Male,49,Abu Dhabi,UAE,2000,Low Income,09-03-2025,High
C00175,Priya Thomas,Male,24,Abu Dhabi,UAE,2000,Low Income,19-01-2025,Low
C00176,Noura Sheikh,Female,68,Dubai,Pakistan,2000,Low Income,18-09-2021,Low
C00177,Rohan Fernandes,Female,39,Abu Dhabi,Bangladesh,2000,Low Income,17-07-2024,Medium
C00178,Rashid Cherian,Male,45,Dubai,UAE,2000,Low Income,19-05-2018,Low
C00179,Aisha Thomas,Female,19,Abu Dhabi,Philippines,2000,Low Income,11-02-2024,Low
C00180,Maya Khan,Female,59,Umm Al Quwain,India,2000,Low Income,16-11-2020,High
C00181,Maya Sharma,Male,62,Dubai,Pakistan,2000,Low Income,13-05-2016,Low
C00182,Zara Menon,Male,23,Ajman,USA,2000,Low Income,01-10-2022,Low
C00183,Rhea Kim,Male,45,Dubai,India,2000,Low Income,04-06-2016,Medium
C00184,Sultan Choudhary,Female,45,Abu Dhabi,Pakistan,2000,Low Income,18-09-2021,Low
C00185,Nadia Pillai,Male,61,Umm Al Quwain,UAE,2000,Low Income,19-09-2019,Medium
C00186,Shreya Sheikh,Female,61,Dubai,UAE,2000,Low Income,17-02-2020,Low
C00187,Sara Fernandes,Female,37,Dubai,India,2000,Low Income,10-07-2018,Low
C00188,George Fernandes,Male,47,Abu Dhabi,UAE,2000,Low Income,09-05-2022,Medium
C00189,Aisha Philip,Female,28,Dubai,Philippines,2000,Low Income,20-06-2024,High
C00190,Dina Sebastian,Male,45,Sharjah,India,2000,Low Income,02-09-2017,Low
C00191,Aisha Singh,Male,42,Ras Al Khaimah,Pakistan,2000,Low Income,14-05-2022,Low
C00192,Zayed Al Nahyan,Female,56,Abu Dhabi,UAE,2000,Low Income,22-02-2023,Low
C00193,Aisha Philip,Female,50,Dubai,India,2000,Low Income,08-06-2016,Low
C00194,Rohan Oommen,Male,18,Abu Dhabi,Philippines,2000,Low Income,03-06-2024,Low
C00195,Huda Thomas,Female,44,Sharjah,Lebanon,2000,Low Income,30-01-2021,Medium
C00196,Aisha Oommen,Female,69,Dubai,UAE,2000,Low Income,14-04-2024,Low
C00197,Mary D'Souza,Male,30,Abu Dhabi,UK,2000,Low Income,11-07-2017,Low
C00198,Noor Al Maktoum,Female,58,Abu Dhabi,Pakistan,2000,Low Income,30-01-2024,Low
C00199,Philip Al Maktoum,Male,20,Abu Dhabi,Pakistan,2000,Low Income,07-11-2023,Low
C00200,Tanvi D'Souza,Male,56,Dubai,Pakistan,2000,Low Income,23-09-2015,Low
C00201,Priya Hassan,Male,23,Sharjah,UAE,2000,Low Income,16-10-2015,Medium
C00202,Sneha Cherian,Female,25,Dubai,UAE,2000,Low Income,26-09-2022,Medium
C00203,Vivek Iqbal,Female,44,Dubai,Pakistan,2000,Low Income,03-11-2017,Low
C00204,Keerthi Abraham,Male,26,Ras Al Khaimah,India,2000,Low Income,26-07-2020,Medium
C00205,Mohammed Abraham,Male,54,Sharjah,USA,2000,Low Income,31-07-2024,Low
C00206,Mary Rahman,Female,50,Dubai,India,2000,Low Income,24-08-2019,Medium
C00207,Nikhil Philip,Male,68,Dubai,UAE,2000,Low Income,07-07-2016,High
C00208,Vivek Oommen,Female,59,Dubai,Philippines,2000,Low Income,31-01-2024,Low
C00209,Zayed Joseph,Female,61,Dubai,India,2000,Low Income,14-09-2016,Medium
C00210,Sunil Fernandes,Male,41,Dubai,Pakistan,2000,Low Income,17-07-2018,Low
C00211,Nikhil Kim,Female,32,Dubai,Philippines,2000,Low Income,04-11-2023,Medium
C00212,Zayed Iqbal,Male,49,Abu Dhabi,UK,2000,Low Income,10-04-2020,High
C00213,Sunil Hassan,Female,49,Sharjah,Egypt,2000,Low Income,22-12-2020,Medium
C00214,Arjun Pillai,Female,41,Abu Dhabi,Philippines,2000,Low Income,10-12-2022,Low
C00215,Reem Menon,Female,58,Abu Dhabi,Philippines,2000,Low Income,07-05-2017,Low
C00216,Zara Varghese,Male,69,Dubai,Jordan,2000,Low Income,28-02-2023,Medium
C00217,Imran Joseph,Female,66,Umm Al Quwain,India,2000,Low Income,01-11-2017,Medium
C00218,Joseph Khan,Male,66,Ajman,UAE,2000,Low Income,12-03-2023,Low
C00219,Zara Abraham,Male,69,Sharjah,India,2000,Low Income,01-03-2024,Medium
C00220,Vivek Ahmed,Male,29,Ajman,India,2000,Low Income,27-05-2017,Low
C00221,Joseph Sebastian,Male,56,Fujairah,Philippines,2000,Low Income,08-09-2021,Low
C00222,Laila Oommen,Male,19,Abu Dhabi,Philippines,2000,Low Income,17-03-2023,High
C00223,Sunil Nair,Female,20,Dubai,Pakistan,2000,Low Income,06-09-2019,Low
C00224,Ali Cherian,Female,66,Abu Dhabi,UAE,2000,Low Income,17-07-2022,Low
C00225,Joseph Cherian,Male,54,Sharjah,Philippines,2000,Low Income,28-12-2024,Low
C00226,Priya Mathew,Female,66,Sharjah,India,2000,Low Income,01-11-2016,Low
C00227,George Thomas,Male,34,Abu Dhabi,Philippines,2000,Low Income,21-10-2016,Medium
C00228,Ibrahim Prasad,Female,66,Dubai,Pakistan,2000,Low Income,23-08-2017,Medium
C00229,Sameer Kim,Female,19,Dubai,India,2000,Low Income,07-06-2019,Low
C00230,Lauren Abraham,Male,19,Fujairah,UAE,2000,Low Income,11-07-2025,Low
C00231,Reem Oommen,Female,45,Abu Dhabi,UAE,2000,Low Income,27-10-2023,Medium
C00232,Ahmed Pillai,Male,40,Abu Dhabi,Bangladesh,2000,Low Income,18-02-2017,Low
C00233,Nadia Menon,Male,54,Dubai,USA,2000,Low Income,21-07-2022,Low
C00234,Nikhil Ahmed,Female,49,Dubai,Philippines,2000,Low Income,03-09-2024,Medium
C00235,Arjun Sharma,Male,50,Ras Al Khaimah,UAE,2000,Low Income,17-03-2023,Low
C00236,Sneha Cherian,Male,18,Abu Dhabi,India,2000,Low Income,17-06-2023,Medium
C00237,Anil Singh,Male,36,Sharjah,Philippines,2000,Low Income,03-07-2024,Low
C00238,Nadia Nair,Female,19,Abu Dhabi,Egypt,2000,Low Income,01-11-2023,Medium
C00239,Anita Menon,Male,61,Abu Dhabi,UAE,2000,Low Income,17-02-2019,Low
C00240,Philip Fernandes,Male,43,Dubai,UAE,2000,Low Income,08-06-2016,Medium
C00241,Shreya Varghese,Female,49,Sharjah,Philippines,2000,Low Income,11-12-2015,Low
C00242,Laila Pillai,Female,23,Abu Dhabi,India,2000,Low Income,17-12-2015,Low
C00243,Anwar D'Souza,Male,49,Abu Dhabi,India,2000,Low Income,09-07-2017,High
C00244,Sunil Oommen,Male,21,Abu Dhabi,UAE,2000,Low Income,09-03-2018,Low
C00245,Neha Sharma,Male,28,Fujairah,Pakistan,2000,Low Income,01-09-2017,Low
C00246,Aisha Al Maktoum,Male,34,Dubai,Bangladesh,2000,Low Income,08-10-2022,Medium
C00247,Anwar Rahman,Male,55,Ajman,Jordan,2000,Low Income,19-07-2018,Low
C00248,Anita Al Nahyan,Female,41,Dubai,Pakistan,2000,Low Income,28-12-2020,Low
C00249,Ahmed Varghese,Female,22,Abu Dhabi,Pakistan,2000,Low Income,25-03-2018,Low
C00250,Ameera Nair,Female,69,Dubai,UAE,2000,Low Income,27-04-2016,Low
C00251,Anwar Sharma,Male,51,Dubai,Pakistan,2000,Low Income,21-07-2023,Low
C00252,Hassan Singh,Female,23,Abu Dhabi,India,2000,Low Income,06-05-2021,Medium
C00253,Ibrahim Sebastian,Male,39,Dubai,Pakistan,2000,Low Income,17-04-2024,Low
C00254,Shreya Rahman,Female,28,Abu Dhabi,India,2000,Low Income,23-05-2019,High
C00255,Nadia Khan,Female,65,Fujairah,India,2000,Low Income,20-06-2022,Low
C00256,Sneha Al Maktoum,Male,33,Dubai,UAE,2000,Low Income,02-10-2022,Low
C00257,Rakesh Cherian,Female,50,Sharjah,India,2000,Low Income,08-10-2017,Low
C00258,Sara Sebastian,Male,26,Abu Dhabi,UAE,2000,Low Income,31-08-2018,Medium
C00259,Mohammed Prasad,Female,23,Abu Dhabi,UAE,2000,Low Income,09-03-2023,Medium
C00260,Khalid Philip,Male,33,Dubai,Sri Lanka,2000,Low Income,26-04-2024,Medium
C00261,Nadia Nair,Male,46,Dubai,India,2000,Low Income,12-04-2019,High
C00262,Rhea Nair,Female,20,Dubai,Pakistan,2000,Low Income,02-05-2021,Low
C00263,Mohammed Menon,Male,37,Dubai,Bangladesh,2000,Low Income,09-07-2023,Medium
C00264,Khalid Cherian,Female,53,Dubai,Nepal,2000,Low Income,29-07-2021,Medium
C00265,Mohammed Cherian,Male,36,Abu Dhabi,Pakistan,2000,Low Income,16-09-2020,Medium
C00266,Ali Fernandes,Female,43,Ras Al Khaimah,Egypt,2000,Low Income,14-04-2017,Medium
C00267,Tanvi Iqbal,Female,20,Sharjah,India,2000,Low Income,29-03-2023,Medium
C00268,Nikhil Ahmed,Male,36,Abu Dhabi,India,2000,Low Income,29-04-2019,Medium
C00269,Ali Gupta,Male,37,Dubai,India,2000,Low Income,08-12-2021,Low
C00270,Nadia Cherian,Male,49,Dubai,Philippines,2000,Low Income,08-04-2024,Low
C00271,Noura Abraham,Male,24,Dubai,Philippines,2000,Low Income,10-02-2018,Medium
C00272,Dina Nair,Male,69,Dubai,India,2000,Low Income,10-02-2017,Low
C00273,Priya D'Souza,Female,58,Abu Dhabi,UAE,2000,Low Income,19-05-2019,High
C00274,Hassan Choudhary,Female,50,Abu Dhabi,Philippines,2000,Low Income,18-08-2017,Medium
C00275,Noor Cherian,Female,57,Dubai,UAE,2000,Low Income,17-03-2025,Medium
C00276,Noura Khan,Female,56,Dubai,Pakistan,2000,Low Income,29-06-2017,Low
C00277,Noor Singh,Female,35,Ajman,Philippines,2000,Low Income,03-06-2022,Low
C00278,Yasmin Choudhary,Female,57,Sharjah,Philippines,2000,Low Income,15-06-2024,Medium
C00279,Noura Choudhary,Male,18,Dubai,Egypt,2000,Low Income,14-08-2021,Medium
C00280,Nikhil D'Souza,Female,28,Ras Al Khaimah,Bangladesh,2000,Low Income,20-12-2021,Low
C00281,Dina Choudhary,Female,45,Umm Al Quwain,Pakistan,2000,Low Income,06-02-2022,Medium
C00282,Priya Sharma,Male,42,Dubai,Philippines,2000,Low Income,02-04-2021,Medium
C00283,Hassan Choudhary,Male,67,Dubai,Pakistan,2000,Low Income,05-05-2025,Low
C00284,Rakesh Ahmed,Male,40,Abu Dhabi,India,2000,Low Income,13-06-2018,Low
C00285,Maya D'Souza,Male,48,Fujairah,UAE,2000,Low Income,20-06-2020,Low
C00286,Mohammed D'Souza,Female,47,Ras Al Khaimah,India,2000,Low Income,21-02-2016,Low
C00287,Rohan Iqbal,Male,59,Dubai,India,2000,Low Income,21-07-2021,Medium
C00288,Omar Prasad,Male,52,Dubai,Pakistan,2000,Low Income,17-07-2024,Medium
C00289,Zara Mathew,Female,24,Abu Dhabi,Bangladesh,2000,Low Income,06-02-2016,Low
C00290,Lauren Prasad,Male,33,Abu Dhabi,India,2000,Low Income,22-12-2020,Medium
C00291,Raj Iqbal,Male,43,Dubai,UAE,2000,Low Income,20-08-2022,Low
C00292,Fatima Pillai,Male,65,Ajman,Lebanon,2000,Low Income,30-11-2024,Low
C00293,Omar Hassan,Female,69,Abu Dhabi,UAE,2000,Low Income,12-05-2016,Low
C00294,Yasmin Sharma,Female,66,Ajman,Pakistan,2000,Low Income,22-01-2023,Medium
C00295,Joseph Gupta,Male,19,Ajman,Pakistan,2000,Low Income,26-03-2021,Low
C00296,Anita Mathew,Female,18,Sharjah,Pakistan,2000,Low Income,30-03-2019,High
C00297,Reem Oommen,Male,65,Abu Dhabi,UAE,2000,Low Income,02-11-2016,Low
C00298,Rashid Pillai,Female,29,Abu Dhabi,UAE,2000,Low Income,08-01-2018,High
C00299,Sameer Varghese,Female,22,Dubai,UAE,2000,Low Income,04-02-2022,Medium
C00300,Fatima Ahmed,Female,54,Abu Dhabi,Pakistan,2000,Low Income,21-05-2025,High
C00301,Sunil Thomas,Male,49,Dubai,Pakistan,2000,Low Income,25-10-2019,High
C00302,Keerthi Sharma,Female,26,Abu Dhabi,India,2000,Low Income,23-09-2021,Low
C00303,Mohammed Ahmed,Female,58,Dubai,Philippines,2000,Low Income,12-11-2019,Low
C00304,Philip Rahman,Male,52,Dubai,Bangladesh,2000,Low Income,30-01-2020,Low
C00305,Ali Singh,Female,36,Dubai,UAE,2000,Low Income,21-05-2023,Medium
C00306,Zayed Rahman,Male,65,Dubai,Pakistan,2000,Low Income,15-12-2015,Low
C00307,Philip Oommen,Female,33,Sharjah,Philippines,2000,Low Income,22-09-2022,Medium
C00308,Sneha Hassan,Male,20,Sharjah,India,2000,Low Income,19-12-2017,Low
C00309,Vivek Fernandes,Female,37,Abu Dhabi,India,2000,Low Income,27-04-2023,Low
C00310,Sunil Al Nahyan,Male,41,Dubai,Pakistan,2000,Low Income,05-07-2023,Low
C00311,Shreya Rahman,Male,50,Dubai,UK,2000,Low Income,03-01-2019,Low
C00312,Ahmed Oommen,Male,41,Dubai,Egypt,2000,Low Income,11-02-2020,Medium
C00313,Sameer Pillai,Male,69,Dubai,Pakistan,2000,Low Income,16-07-2020,Medium
C00314,Sultan Singh,Male,28,Ras Al Khaimah,Philippines,2000,Low Income,16-12-2021,Low
C00315,Dina Pillai,Male,66,Dubai,India,2000,Low Income,13-03-2019,Low
C00316,Omar Mathew,Female,25,Dubai,Philippines,2000,Low Income,03-03-2021,Medium
C00317,Rhea Al Maktoum,Male,53,Dubai,Pakistan,2000,Low Income,11-04-2025,Medium
C00318,Nikhil Joseph,Male,55,Dubai,India,2000,Low Income,17-10-2022,Low
C00319,Yasmin Abraham,Female,57,Abu Dhabi,Philippines,2000,Low Income,03-09-2016,Medium
C00320,Zayed Pillai,Male,37,Abu Dhabi,Pakistan,2000,Low Income,16-03-2020,Low
C00321,Sneha Singh,Female,52,Dubai,India,2000,Low Income,25-06-2018,Low
C00322,Lauren Oommen,Female,65,Dubai,USA,2000,Low Income,24-09-2020,Medium
C00323,Lauren Pillai,Female,42,Dubai,UAE,2000,Low Income,05-07-2025,Medium
C00324,Noura Varghese,Female,52,Dubai,India,2000,Low Income,09-04-2023,Low
C00325,Rashid Kim,Female,42,Dubai,UAE,2000,Low Income,21-10-2017,Low
C00326,George Sebastian,Male,46,Umm Al Quwain,Egypt,2000,Low Income,23-07-2023,Low
C00327,Arjun Fernandes,Male,35,Abu Dhabi,Philippines,2000,Low Income,25-10-2019,Low
C00328,Noura Pillai,Male,63,Abu Dhabi,India,2000,Low Income,31-01-2025,Medium
C00329,Maya Pillai,Female,35,Abu Dhabi,Philippines,2000,Low Income,10-12-2024,Low
C00330,Dina Cherian,Male,19,Abu Dhabi,India,2000,Low Income,29-04-2020,Low
C00331,Noor Abraham,Female,52,Abu Dhabi,Egypt,2000,Low Income,21-08-2024,Medium
C00332,Vivek Menon,Female,33,Abu Dhabi,India,2000,Low Income,09-04-2024,High
C00333,Rashid Sebastian,Female,58,Sharjah,India,2000,Low Income,02-08-2020,Medium
C00334,Ahmed Menon,Male,53,Dubai,Jordan,2000,Low Income,24-05-2018,Medium
C00335,George Fernandes,Male,50,Abu Dhabi,India,2000,Low Income,01-05-2024,Medium
C00336,Rhea Choudhary,Female,21,Abu Dhabi,UAE,2000,Low Income,20-02-2022,Low
C00337,Keerthi Abraham,Female,50,Ras Al Khaimah,Pakistan,2000,Low Income,14-10-2024,Low
C00338,Reem Varghese,Male,31,Abu Dhabi,Lebanon,2000,Low Income,11-03-2022,Low
C00339,Zara Patel,Male,38,Abu Dhabi,India,2000,Low Income,07-04-2019,High
C00340,Ibrahim Pillai,Female,65,Dubai,UAE,2000,Low Income,16-02-2024,Low
C00341,Laila Oommen,Female,37,Abu Dhabi,India,2000,Low Income,02-02-2018,Medium
C00342,Rohan Choudhary,Female,25,Dubai,Pakistan,2000,Low Income,05-06-2017,Medium
C00343,Dina Thomas,Female,24,Dubai,UAE,2000,Low Income,06-05-2019,Medium
C00344,Nikhil Al Maktoum,Male,20,Dubai,Philippines,2000,Low Income,19-07-2016,Medium
C00345,George Oommen,Male,34,Abu Dhabi,Nepal,2000,Low Income,12-12-2023,Low
C00346,Nikhil Das,Male,50,Dubai,India,2000,Low Income,21-05-2024,Low
C00347,Hanna Varghese,Male,65,Dubai,India,2000,Low Income,01-03-2023,High
C00348,Mary Prasad,Male,29,Ras Al Khaimah,India,2000,Low Income,05-03-2017,Medium
C00349,Imran Iqbal,Female,68,Dubai,UAE,2000,Low Income,12-09-2020,Medium
C00350,Tanvi Menon,Female,39,Abu Dhabi,UK,2000,Low Income,23-06-2024,Low
C00351,Raj Choudhary,Female,39,Abu Dhabi,India,2000,Low Income,08-04-2018,Medium
C00352,Omar Nair,Male,63,Dubai,India,2000,Low Income,24-09-2019,Low
C00353,Fatima Al Nahyan,Female,47,Sharjah,Philippines,2000,Low Income,16-05-2018,Low
C00354,Priya Sheikh,Female,55,Dubai,India,2000,Low Income,16-04-2021,Low
C00355,Hanna D'Souza,Female,55,Abu Dhabi,Philippines,2000,Low Income,24-09-2024,Low
C00356,Ameera Al Maktoum,Female,62,Abu Dhabi,UAE,2000,Low Income,28-06-2017,Low
C00357,Zara Rahman,Male,68,Abu Dhabi,Egypt,2000,Low Income,21-08-2024,Medium
C00358,Anwar Philip,Male,25,Abu Dhabi,Jordan,2000,Low Income,20-05-2024,Low
C00359,Omar Kim,Male,44,Dubai,Philippines,2000,Low Income,03-02-2025,Medium
C00360,Rakesh Hassan,Male,44,Dubai,Jordan,2000,Low Income,13-03-2025,Medium
C00361,Neha Hassan,Male,51,Sharjah,UAE,2000,Low Income,17-01-2025,Low
C00362,Priya Nair,Female,38,Abu Dhabi,Pakistan,2000,Low Income,28-08-2016,Low
C00363,Reem Kim,Female,47,Ajman,Pakistan,2000,Low Income,27-07-2016,Low
C00364,Ahmed Cherian,Female,50,Ajman,Pakistan,2000,Low Income,19-09-2016,High
C00365,Imran D'Souza,Female,45,Ajman,India,2000,Low Income,02-05-2022,High
C00366,Ameera Cherian,Male,64,Abu Dhabi,India,2000,Low Income,30-12-2022,Low
C00367,Anil Gupta,Female,50,Dubai,UAE,2000,Low Income,21-02-2024,Low
C00368,Rhea Iqbal,Male,22,Sharjah,India,2000,Low Income,16-02-2021,Medium
C00369,Noor Choudhary,Male,65,Abu Dhabi,UAE,2000,Low Income,19-01-2017,Low
C00370,Rakesh Oommen,Male,36,Dubai,Philippines,2000,Low Income,19-06-2017,Medium
C00371,Zara Al Nahyan,Male,21,Ajman,India,2000,Low Income,25-05-2019,Low
C00372,Nadia Iqbal,Male,52,Ras Al Khaimah,UAE,2000,Low Income,20-07-2023,Medium
C00373,Sneha Patel,Male,66,Abu Dhabi,Pakistan,2000,Low Income,21-03-2023,Low
C00374,Arjun Choudhary,Male,34,Dubai,Pakistan,2000,Low Income,31-05-2016,Medium
C00375,Zara Pillai,Female,61,Dubai,Bangladesh,2000,Low Income,19-12-2022,Low
C00376,Huda Sebastian,Male,45,Sharjah,Pakistan,2000,Low Income,04-01-2022,Low
C00377,Philip Varghese,Male,47,Ras Al Khaimah,India,2000,Low Income,01-02-2022,Medium
C00378,Imran Cherian,Male,46,Dubai,Egypt,2000,Low Income,26-04-2016,Low
C00379,Ibrahim Abraham,Female,63,Dubai,Pakistan,2000,Low Income,20-10-2020,Low
C00380,Sultan Cherian,Male,23,Ras Al Khaimah,UAE,2000,Low Income,09-09-2017,Low
C00381,Abdullah Rahman,Male,52,Dubai,Pakistan,2000,Low Income,03-08-2019,Medium
C00382,Nadia Patel,Male,58,Abu Dhabi,UK,2000,Low Income,30-05-2023,Low
C00383,Hassan Singh,Male,54,Umm Al Quwain,India,2000,Low Income,31-01-2024,Low
C00384,Rohan Patel,Male,41,Dubai,India,2000,Low Income,11-07-2020,Low
C00385,Sunil Gupta,Male,46,Abu Dhabi,UAE,2000,Low Income,17-10-2022,Medium
C00386,Priya Prasad,Male,66,Dubai,UAE,2000,Low Income,19-04-2020,Low
C00387,Anwar Sharma,Male,63,Dubai,India,2000,Low Income,28-04-2021,Low
C00388,Ameera Gupta,Male,48,Sharjah,Pakistan,2000,Low Income,03-06-2025,Low
C00389,Huda Sheikh,Female,52,Abu Dhabi,UAE,2000,Low Income,31-08-2019,Low
C00390,Anwar Iqbal,Male,50,Al Ain,Jordan,2000,Low Income,25-07-2025,Low
C00391,Anita Patel,Male,69,Abu Dhabi,Egypt,2000,Low Income,17-01-2016,High
C00392,Joseph Kim,Male,38,Dubai,Pakistan,2000,Low Income,22-08-2021,Low
C00393,George Iqbal,Female,49,Dubai,Bangladesh,2000,Low Income,01-09-2016,Low
C00394,Anita Varghese,Male,40,Dubai,UAE,2000,Low Income,17-02-2017,Medium
C00395,Zayed Cherian,Male,50,Dubai,Pakistan,2000,Low Income,05-11-2021,Low
C00396,Sameer Al Maktoum,Female,20,Dubai,Philippines,2000,Low Income,04-08-2020,Medium
C00397,Arjun Nair,Male,35,Dubai,Bangladesh,2000,Low Income,24-01-2022,Low
C00398,Raj Hassan,Male,42,Abu Dhabi,Egypt,2000,Low Income,22-09-2019,Low
C00399,Rakesh Nair,Male,59,Sharjah,India,2000,Low Income,14-04-2018,Medium
C00400,Shreya Fernandes,Female,48,Abu Dhabi,Jordan,2000,Low Income,13-07-2017,Low
C00401,Joseph Rahman,Male,20,Sharjah,UAE,2000,Low Income,22-01-2018,Low
C00402,Noura Varghese,Female,57,Dubai,Bangladesh,2000,Low Income,02-02-2022,Medium
C00403,Sameer Patel,Female,63,Dubai,Lebanon,2000,Low Income,20-06-2016,High
C00404,Noura Al Nahyan,Male,41,Abu Dhabi,UAE,2000,Low Income,06-07-2017,Low
C00405,Laila Prasad,Male,67,Abu Dhabi,Philippines,2000,Low Income,24-04-2017,Low
C00406,Noura Hassan,Male,49,Dubai,UAE,2000,Low Income,24-06-2022,Medium
C00407,Ameera Philip,Male,64,Sharjah,India,2000,Low Income,01-10-2023,Low
C00408,Rakesh Khan,Male,39,Sharjah,Pakistan,2000,Low Income,06-05-2018,High
C00409,Imran Philip,Female,40,Abu Dhabi,Pakistan,2000,Low Income,11-05-2018,Low
C00410,Maya Sheikh,Female,19,Dubai,Jordan,2000,Low Income,23-08-2018,High
C00411,Ahmed Mathew,Female,44,Sharjah,Philippines,2000,Low Income,13-04-2017,Low
C00412,Lauren Gupta,Male,59,Abu Dhabi,Pakistan,2000,Low Income,23-04-2017,Low
C00413,Maya D'Souza,Female,19,Sharjah,Egypt,2000,Low Income,25-01-2022,Low
C00414,Noura Sebastian,Female,43,Sharjah,Jordan,2000,Low Income,22-03-2018,Low
C00415,Dina Singh,Female,34,Sharjah,UAE,2000,Low Income,06-11-2022,Medium
C00416,Sameer Choudhary,Male,57,Abu Dhabi,Sri Lanka,2000,Low Income,20-04-2020,Medium
C00417,Philip Cherian,Female,50,Dubai,UAE,2000,Low Income,21-10-2024,Low
C00418,Raj Sheikh,Male,26,Abu Dhabi,Egypt,2000,Low Income,09-04-2017,Low
C00419,Raj Sharma,Male,60,Abu Dhabi,India,2000,Low Income,04-12-2016,High
C00420,Rhea Sheikh,Male,65,Sharjah,UAE,2000,Low Income,20-03-2022,Low
C00421,Fatima Hassan,Female,56,Dubai,India,2000,Low Income,05-12-2019,Low
C00422,Yasmin Pillai,Female,46,Dubai,Philippines,2000,Low Income,02-10-2016,Low
C00423,Tanvi Choudhary,Male,59,Ras Al Khaimah,India,2000,Low Income,06-01-2023,Medium
C00424,Rashid Singh,Male,43,Sharjah,UAE,2000,Low Income,18-11-2024,Medium
C00425,Hassan Prasad,Male,52,Ras Al Khaimah,Pakistan,2000,Low Income,05-04-2022,Medium
C00426,Zara Joseph,Male,67,Sharjah,UK,2000,Low Income,04-09-2024,Low
C00427,Arjun Abraham,Male,42,Abu Dhabi,India,2000,Low Income,25-06-2018,Low
C00428,Sameer Khan,Male,41,Abu Dhabi,India,2000,Low Income,29-10-2017,Low
C00429,Rashid Philip,Female,30,Ras Al Khaimah,India,2000,Low Income,29-03-2017,High
C00430,Vivek Pillai,Male,24,Abu Dhabi,UAE,2000,Low Income,08-09-2021,High
C00431,Fatima Al Maktoum,Male,53,Abu Dhabi,Bangladesh,2000,Low Income,11-05-2021,Low
C00432,Reem Rahman,Male,62,Dubai,Bangladesh,2000,Low Income,29-11-2015,Low
C00433,Arjun D'Souza,Female,37,Abu Dhabi,Pakistan,2000,Low Income,06-04-2016,Medium
C00434,Zara Thomas,Female,18,Sharjah,India,2000,Low Income,28-08-2017,Low
C00435,Aisha Sharma,Female,25,Dubai,Egypt,2000,Low Income,24-04-2022,Low
C00436,Maya Varghese,Male,63,Dubai,Pakistan,2000,Low Income,16-11-2020,Medium
C00437,Laila Patel,Female,33,Dubai,Bangladesh,2000,Low Income,20-12-2018,Low
C00438,Zayed Varghese,Male,31,Dubai,Philippines,2000,Low Income,15-04-2022,Medium
C00439,Imran Cherian,Female,29,Dubai,Egypt,2000,Low Income,14-10-2023,Low
C00440,Maya Sharma,Female,68,Abu Dhabi,Pakistan,2000,Low Income,13-10-2021,Low
C00441,Imran Prasad,Female,40,Ras Al Khaimah,India,2000,Low Income,01-07-2023,Low
C00442,Noura Sharma,Female,32,Abu Dhabi,Jordan,2000,Low Income,22-03-2018,Low
C00443,Mary Sheikh,Female,45,Dubai,Pakistan,2000,Low Income,26-08-2020,Medium
C00444,Fatima Singh,Male,51,Dubai,Pakistan,2000,Low Income,31-08-2022,High
C00445,Sameer Al Nahyan,Female,19,Abu Dhabi,India,2000,Low Income,10-06-2017,Medium
C00446,Ali Iqbal,Male,49,Dubai,Philippines,2000,Low Income,09-06-2024,Low
C00447,Reem Al Maktoum,Male,40,Ajman,Pakistan,2000,Low Income,12-03-2016,Low
C00448,Ameera Das,Male,39,Abu Dhabi,India,2000,Low Income,17-11-2024,Low
C00449,Mohammed Gupta,Male,68,Sharjah,UAE,2000,Low Income,20-05-2022,Low
C00450,Fatima Iqbal,Male,42,Dubai,Pakistan,2000,Low Income,09-06-2020,Low
C00451,Omar Prasad,Male,39,Abu Dhabi,Egypt,2000,Low Income,10-01-2018,Low
C00452,Fatima Abraham,Male,39,Dubai,Pakistan,2000,Low Income,23-05-2018,Low
C00453,Sara Iqbal,Male,66,Fujairah,India,2000,Low Income,11-02-2023,Low
C00454,Arjun Sheikh,Male,69,Abu Dhabi,Philippines,2000,Low Income,10-12-2019,Medium
C00455,Nikhil Ahmed,Male,59,Dubai,UAE,2000,Low Income,04-07-2025,Low
C00456,Vivek Fernandes,Male,23,Dubai,India,2000,Low Income,08-05-2017,High
C00457,Zara Kim,Male,32,Dubai,UAE,2000,Low Income,04-06-2024,Medium
C00458,Sunil Gupta,Female,60,Abu Dhabi,India,2000,Low Income,03-03-2022,Low
C00459,Khalid Thomas,Female,54,Dubai,India,2000,Low Income,09-06-2020,Medium
C00460,Philip Abraham,Female,50,Abu Dhabi,India,2000,Low Income,12-08-2018,Low
C00461,Dina Kim,Female,25,Dubai,UAE,2000,Low Income,15-02-2022,Medium
C00462,Sneha Gupta,Male,61,Abu Dhabi,India,2000,Low Income,28-04-2019,Low
C00463,Hassan Menon,Female,61,Sharjah,Pakistan,2000,Low Income,25-10-2022,High
C00464,Anil Philip,Male,22,Sharjah,Pakistan,2000,Low Income,23-12-2024,Low
C00465,Fatima Joseph,Male,56,Sharjah,India,2000,Low Income,10-06-2021,High
C00466,Lauren Philip,Female,21,Dubai,Bangladesh,2000,Low Income,18-03-2020,Low
C00467,Tanvi Joseph,Male,23,Dubai,UAE,2000,Low Income,16-09-2018,Low
C00468,Maya Hassan,Female,62,Abu Dhabi,Pakistan,2000,Low Income,06-10-2023,Low
C00469,Shreya Fernandes,Female,49,Dubai,UAE,2000,Low Income,26-03-2018,Medium
C00470,Joseph Philip,Female,69,Abu Dhabi,UAE,2000,Low Income,09-10-2016,Medium
C00471,Rakesh Prasad,Female,47,Dubai,Pakistan,2000,Low Income,13-11-2022,Low
C00472,Anwar Iqbal,Male,64,Dubai,Pakistan,2000,Low Income,22-01-2025,Low
C00473,Anil Kim,Male,52,Dubai,Bangladesh,2000,Low Income,17-11-2024,Medium
C00474,Ameera Menon,Female,57,Ras Al Khaimah,Pakistan,2000,Low Income,23-05-2025,Low
C00475,Tanvi Abraham,Male,69,Dubai,Jordan,2000,Low Income,22-11-2023,Medium
C00476,Sneha Choudhary,Female,33,Abu Dhabi,UAE,2000,Low Income,19-01-2019,Medium
C00477,Vivek Choudhary,Female,30,Dubai,UAE,2000,Low Income,18-02-2018,Low
C00478,Mohammed Mathew,Female,67,Abu Dhabi,UAE,2000,Low Income,21-09-2017,Low
C00479,Sameer Rahman,Male,59,Dubai,India,2000,Low Income,09-03-2023,Low
C00480,Nikhil Mathew,Male,47,Ras Al Khaimah,Pakistan,2000,Low Income,18-01-2016,Low
C00481,Joseph Oommen,Male,36,Ras Al Khaimah,Philippines,2000,Low Income,24-02-2019,Low
C00482,Reem Varghese,Male,34,Dubai,UAE,2000,Low Income,15-02-2021,Low
C00483,Ahmed D'Souza,Female,36,Ras Al Khaimah,Jordan,2000,Low Income,07-08-2024,Medium
C00484,Noura Prasad,Male,45,Al Ain,Bangladesh,2000,Low Income,16-11-2024,Medium
C00485,Neha Ahmed,Male,43,Ajman,India,2000,Low Income,26-10-2022,Low
C00486,Rhea Mathew,Male,54,Ajman,UAE,2000,Low Income,02-01-2019,Low
C00487,Anwar Cherian,Female,43,Dubai,UAE,2000,Low Income,08-10-2020,Low
C00488,Zara Kim,Female,40,Abu Dhabi,UAE,2000,Low Income,28-09-2015,Medium
C00489,Sara Rahman,Male,26,Dubai,UAE,2000,Low Income,15-07-2018,Medium
C00490,Noor Singh,Male,29,Dubai,Pakistan,2000,Low Income,15-05-2017,Low
C00491,Huda Das,Male,18,Al Ain,India,2000,Low Income,25-11-2017,Medium
C00492,Anita Abraham,Male,18,Dubai,India,2000,Low Income,19-10-2024,Low
C00493,Sameer Gupta,Female,64,Sharjah,Sri Lanka,2000,Low Income,24-04-2016,Medium
C00494,Rohan Patel,Female,51,Sharjah,Philippines,2000,Low Income,22-04-2025,Medium
C00495,Rhea Prasad,Male,49,Ajman,Jordan,2000,Low Income,14-01-2025,Low
C00496,Sultan Philip,Male,65,Al Ain,UAE,2000,Low Income,26-08-2018,Low
C00497,Anita Varghese,Female,42,Dubai,India,2000,Low Income,05-03-2023,Low
C00498,Priya Prasad,Male,57,Dubai,Pakistan,2000,Low Income,19-07-2016,Medium
C00499,Mary Sharma,Female,62,Abu Dhabi,UAE,2000,Low Income,17-06-2020,Low
C00500,Ibrahim Iqbal,Male,18,Dubai,UAE,2000,Low Income,15-04-2018,Medium
C00501,Imran Patel,Male,33,Dubai,Philippines,2000,Low Income,12-04-2018,Low
C00502,Vivek Abraham,Male,56,Dubai,Philippines,2000,Low Income,10-10-2021,Low
C00503,Nikhil Hassan,Male,22,Sharjah,India,2000,Low Income,18-12-2018,Medium
C00504,Yasmin Khan,Female,39,Abu Dhabi,Pakistan,2000,Low Income,07-01-2024,Low
C00505,Neha D'Souza,Male,46,Dubai,India,2000,Low Income,10-05-2018,Medium
C00506,Zayed Thomas,Male,20,Abu Dhabi,UAE,2000,Low Income,17-12-2016,Low
C00507,Neha Fernandes,Male,29,Dubai,India,2000,Low Income,29-08-2022,High
C00508,Ali Choudhary,Male,43,Dubai,UAE,2000,Low Income,03-06-2024,Low
C00509,Sunil Varghese,Male,33,Sharjah,UAE,2000,Low Income,06-09-2017,Medium
C00510,Anita Cherian,Male,68,Abu Dhabi,Jordan,2000,Low Income,12-04-2022,Low
C00511,Philip Kim,Female,54,Sharjah,Pakistan,2000,Low Income,01-02-2024,Low
C00512,Anita Sebastian,Male,39,Dubai,Philippines,2000,Low Income,20-05-2025,Low
C00513,Ahmed Oommen,Male,46,Ajman,India,2000,Low Income,17-11-2016,Low
C00514,Omar Al Maktoum,Female,31,Abu Dhabi,India,2000,Low Income,24-03-2022,Medium
C00515,Priya Singh,Male,45,Abu Dhabi,India,2000,Low Income,21-11-2016,Low
C00516,Noura Sheikh,Female,22,Abu Dhabi,UAE,2000,Low Income,23-06-2023,Medium
C00517,Nadia Gupta,Male,64,Ajman,UAE,2000,Low Income,17-02-2019,Medium
C00518,Priya Kim,Female,66,Abu Dhabi,Egypt,2000,Low Income,26-11-2020,Low
C00519,Rohan Das,Female,47,Abu Dhabi,Philippines,2000,Low Income,09-12-2018,Low
C00520,Shreya Sheikh,Female,63,Al Ain,Pakistan,2000,Low Income,14-10-2023,Low
C00521,Ibrahim Choudhary,Female,69,Sharjah,Pakistan,2000,Low Income,11-02-2018,Low
C00522,Fatima Al Maktoum,Male,22,Abu Dhabi,USA,2000,Low Income,17-11-2018,Low
C00523,George Iqbal,Female,29,Sharjah,UAE,2000,Low Income,28-08-2020,Low
C00524,Rashid Kim,Male,33,Dubai,India,2000,Low Income,21-12-2024,Low
C00525,Priya Menon,Male,43,Dubai,India,2000,Low Income,29-01-2025,High
C00526,Nikhil Philip,Male,43,Abu Dhabi,Egypt,2000,Low Income,26-09-2024,Low
C00527,Khalid Sheikh,Male,65,Fujairah,Nepal,2000,Low Income,17-07-2018,Medium
C00528,Nadia Oommen,Male,38,Fujairah,India,2000,Low Income,09-09-2021,Low
C00529,Ali Rahman,Male,56,Dubai,Bangladesh,2000,Low Income,20-10-2022,Low
C00530,Dina Sebastian,Male,53,Abu Dhabi,Bangladesh,2000,Low Income,17-12-2019,Low
C00531,Yasmin Mathew,Female,50,Dubai,India,2000,Low Income,10-08-2017,Low
C00532,Rakesh Patel,Female,47,Al Ain,India,2000,Low Income,04-04-2023,Medium
C00533,Anita Menon,Male,54,Al Ain,India,2000,Low Income,18-05-2023,Low
C00534,Sunil Iqbal,Male,40,Abu Dhabi,Lebanon,2000,Low Income,25-05-2016,Medium
C00535,Sneha Singh,Male,27,Sharjah,India,2000,Low Income,27-12-2024,Low
C00536,Omar Varghese,Male,22,Sharjah,Egypt,2000,Low Income,23-04-2017,Low
C00537,Sneha Singh,Male,53,Abu Dhabi,India,2000,Low Income,16-08-2021,Low
C00538,Sameer Gupta,Male,51,Dubai,Philippines,2000,Low Income,20-04-2025,Medium
C00539,Rakesh Thomas,Male,69,Abu Dhabi,India,2000,Low Income,02-05-2017,Medium
C00540,Omar Fernandes,Female,48,Abu Dhabi,Pakistan,2000,Low Income,28-09-2015,Medium
C00541,Dina Sheikh,Male,27,Abu Dhabi,Bangladesh,2000,Low Income,04-01-2024,Low
C00542,Anita Singh,Male,36,Dubai,Egypt,2000,Low Income,05-12-2021,Low
C00543,Keerthi Gupta,Female,49,Fujairah,Bangladesh,2000,Low Income,11-10-2023,Medium
C00544,Huda Abraham,Male,18,Dubai,UAE,2000,Low Income,26-05-2017,Low
C00545,George Ahmed,Male,22,Abu Dhabi,Philippines,2000,Low Income,18-05-2021,Low
C00546,Omar Menon,Female,62,Abu Dhabi,UAE,2000,Low Income,29-12-2016,Low
C00547,Raj Mathew,Male,21,Abu Dhabi,India,2000,Low Income,15-01-2021,Low
C00548,Noor Menon,Male,33,Abu Dhabi,Pakistan,2000,Low Income,16-12-2024,Low
C00549,Ahmed Kim,Female,41,Dubai,India,2000,Low Income,16-04-2025,Medium
C00550,Sameer Nair,Female,33,Dubai,Pakistan,2000,Low Income,09-02-2020,High
C00551,Anita Al Nahyan,Female,19,Abu Dhabi,Nepal,2000,Low Income,19-06-2023,Medium
C00552,Aisha Sebastian,Male,66,Abu Dhabi,UAE,2000,Low Income,02-01-2016,Low
C00553,George Kim,Female,45,Dubai,Philippines,2000,Low Income,20-06-2016,Low
C00554,Arjun Das,Male,49,Sharjah,India,2000,Low Income,27-05-2024,Low
C00555,Imran Sheikh,Male,44,Abu Dhabi,UAE,2000,Low Income,22-05-2024,Medium
C00556,Anil D'Souza,Male,37,Abu Dhabi,UAE,2000,Low Income,17-03-2022,Low
C00557,Ahmed Philip,Male,41,Ajman,Jordan,2000,Low Income,02-02-2017,Medium
C00558,George Sheikh,Male,29,Dubai,Bangladesh,2000,Low Income,07-02-2018,Medium
C00559,Rohan Patel,Male,67,Dubai,UK,2000,Low Income,31-03-2016,Low
C00560,Yasmin Thomas,Female,52,Sharjah,Nepal,2000,Low Income,12-05-2018,Low
C00561,Aisha Sharma,Female,50,Abu Dhabi,India,2000,Low Income,23-12-2016,Low
C00562,Rohan Ahmed,Female,50,Abu Dhabi,India,2000,Low Income,17-03-2023,Low
C00563,Joseph Hassan,Male,68,Ajman,Philippines,2000,Low Income,05-12-2017,High
C00564,Neha Al Maktoum,Female,60,Sharjah,Pakistan,2000,Low Income,06-10-2015,Medium
C00565,Vivek Das,Male,54,Umm Al Quwain,India,2000,Low Income,16-09-2016,Low
C00566,Tanvi Al Nahyan,Female,29,Abu Dhabi,India,2000,Low Income,09-08-2017,Low
C00567,Sara Nair,Male,20,Abu Dhabi,Pakistan,2000,Low Income,18-12-2018,Low
C00568,Vivek Menon,Female,18,Abu Dhabi,Pakistan,2000,Low Income,21-11-2024,Low
C00569,Mary Iqbal,Male,50,Dubai,UAE,2000,Low Income,14-08-2017,Low
C00570,Sneha Sebastian,Female,57,Abu Dhabi,Pakistan,2000,Low Income,27-03-2023,Medium
C00571,Imran Rahman,Female,27,Dubai,Pakistan,2000,Low Income,23-04-2022,Medium
C00572,Philip Abraham,Male,60,Fujairah,Pakistan,2000,Low Income,02-12-2016,Low
C00573,Hanna Iqbal,Male,61,Abu Dhabi,India,2000,Low Income,16-01-2024,Medium
C00574,Ameera Oommen,Female,46,Abu Dhabi,Egypt,2000,Low Income,21-07-2021,Low
C00575,Maya Patel,Male,30,Dubai,UAE,2000,Low Income,02-03-2019,Low
C00576,Ibrahim Menon,Female,29,Dubai,India,2000,Low Income,23-01-2023,Low
C00577,Keerthi Rahman,Female,48,Dubai,Egypt,2000,Low Income,13-05-2022,Medium
C00578,Lauren Philip,Male,63,Abu Dhabi,Pakistan,2000,Low Income,21-10-2016,Medium
C00579,Hanna Al Nahyan,Male,19,Dubai,India,2000,Low Income,23-05-2024,High
C00580,Hanna Singh,Male,68,Abu Dhabi,Philippines,2000,Low Income,23-10-2019,Low
C00581,Anil Gupta,Female,67,Ras Al Khaimah,Pakistan,2000,Low Income,04-12-2022,Low
C00582,Laila Das,Male,52,Ras Al Khaimah,Egypt,2000,Low Income,16-04-2023,Low
C00583,Laila Sharma,Male,40,Abu Dhabi,Philippines,2000,Low Income,05-06-2019,Low
C00584,Nikhil Al Maktoum,Male,34,Dubai,Pakistan,2000,Low Income,20-05-2019,Low
C00585,Hassan Iqbal,Male,43,Ajman,Pakistan,2000,Low Income,13-02-2023,Low
C00586,Noor Sebastian,Female,25,Ras Al Khaimah,UAE,2000,Low Income,14-04-2024,Low
C00587,Joseph Thomas,Female,46,Dubai,India,2000,Low Income,25-11-2024,Low
C00588,Ahmed Rahman,Male,43,Sharjah,India,2000,Low Income,04-12-2018,Medium
C00589,Ibrahim Kim,Female,27,Dubai,Pakistan,2000,Low Income,12-11-2022,Low
C00590,Philip Sheikh,Female,43,Sharjah,Pakistan,2000,Low Income,06-07-2016,Low
C00591,George Al Nahyan,Male,51,Al Ain,India,2000,Low Income,15-01-2023,Low
C00592,Raj Menon,Female,68,Dubai,UAE,2000,Low Income,29-02-2016,High
C00593,Shreya Menon,Male,58,Ras Al Khaimah,Pakistan,2000,Low Income,25-04-2022,Low
C00594,Rakesh D'Souza,Male,24,Abu Dhabi,India,2000,Low Income,09-06-2018,Low
C00595,Zara Al Maktoum,Female,21,Umm Al Quwain,Philippines,2000,Low Income,20-08-2022,Low
C00596,Tanvi Iqbal,Male,67,Abu Dhabi,UAE,2000,Low Income,21-07-2020,Low
C00597,Sunil Choudhary,Female,62,Ajman,Pakistan,2000,Low Income,10-09-2023,Low
C00598,Anwar Philip,Female,28,Dubai,Jordan,2000,Low Income,06-12-2018,Low
C00599,Nikhil Choudhary,Male,46,Dubai,UAE,2000,Low Income,03-09-2018,Low
C00600,Omar Rahman,Female,53,Dubai,Pakistan,2000,Low Income,12-12-2016,Medium
C00601,Sneha Sebastian,Male,42,Umm Al Quwain,UAE,2000,Low Income,23-01-2018,Low
C00602,Raj Das,Male,38,Sharjah,Philippines,2000,Low Income,29-02-2016,High
C00603,Sara Joseph,Female,53,Ajman,Pakistan,2000,Low Income,06-07-2021,Low
C00604,Anita Prasad,Female,27,Fujairah,India,2000,Low Income,23-06-2017,Medium
C00605,Sara Al Maktoum,Male,54,Dubai,Pakistan,2000,Low Income,10-09-2015,Low
C00606,Aisha Thomas,Male,26,Dubai,UK,2000,Low Income,06-12-2015,Low
C00607,Lauren Abraham,Female,41,Dubai,India,2000,Low Income,24-11-2015,Medium
C00608,Dina Prasad,Female,52,Dubai,UAE,2000,Low Income,13-12-2022,Medium
C00609,Vivek Joseph,Female,66,Dubai,Bangladesh,2000,Low Income,08-04-2024,Medium
C00610,George Patel,Male,52,Abu Dhabi,Pakistan,2000,Low Income,22-03-2017,Low
C00611,Sneha Patel,Male,65,Dubai,UK,2000,Low Income,08-06-2017,Medium
C00612,Rakesh Menon,Male,53,Dubai,Pakistan,2000,Low Income,07-01-2016,Medium
C00613,Rakesh Hassan,Female,35,Dubai,Egypt,2000,Low Income,23-08-2023,Medium
C00614,Anita Oommen,Male,66,Dubai,India,2000,Low Income,31-07-2016,Low
C00615,Sameer Sheikh,Male,56,Umm Al Quwain,Egypt,2000,Low Income,27-02-2016,Medium
C00616,Ibrahim Al Maktoum,Female,49,Sharjah,USA,2000,Low Income,19-08-2017,Low
C00617,Philip Al Nahyan,Male,41,Umm Al Quwain,Pakistan,2000,Low Income,18-06-2022,Medium
C00618,Rhea Singh,Female,40,Abu Dhabi,India,2000,Low Income,09-03-2017,Low
C00619,Zayed Abraham,Female,49,Dubai,India,2000,Low Income,07-07-2023,Medium
C00620,Sunil Khan,Female,54,Sharjah,India,2000,Low Income,05-08-2018,Low
C00621,Mary Iqbal,Male,29,Dubai,India,2000,Low Income,12-01-2021,Medium
C00622,Tanvi Prasad,Male,66,Dubai,India,2000,Low Income,25-09-2017,Low
C00623,Vivek Philip,Female,30,Dubai,Pakistan,2000,Low Income,20-12-2023,Low
C00624,Fatima Gupta,Female,40,Dubai,Pakistan,2000,Low Income,03-12-2021,Low
C00625,Tanvi Prasad,Female,42,Dubai,India,2000,Low Income,28-06-2021,Low
C00626,Anita Philip,Male,52,Dubai,Pakistan,2000,Low Income,08-07-2020,Low
C00627,Mohammed Gupta,Female,58,Abu Dhabi,UAE,2000,Low Income,12-01-2018,Low
C00628,Imran Thomas,Female,47,Dubai,UAE,2000,Low Income,17-01-2017,Low
C00629,Rohan Oommen,Female,34,Dubai,UAE,2000,Low Income,12-01-2016,Medium
C00630,Reem Patel,Female,66,Sharjah,Pakistan,2000,Low Income,29-06-2016,High
C00631,Anita Thomas,Female,37,Dubai,India,2000,Low Income,08-12-2016,Low
C00632,Keerthi Rahman,Female,65,Dubai,India,2000,Low Income,04-01-2025,Medium
C00633,Anwar Prasad,Male,42,Ajman,India,2000,Low Income,23-07-2019,Medium
C00634,Neha Al Maktoum,Male,39,Dubai,Egypt,2000,Low Income,21-02-2018,Medium
C00635,Rohan Mathew,Male,30,Dubai,UAE,2000,Low Income,11-07-2018,Low
C00636,Noura Varghese,Male,36,Abu Dhabi,Philippines,2000,Low Income,15-02-2025,Medium
C00637,Zayed Pillai,Male,66,Dubai,Philippines,2000,Low Income,17-06-2017,Medium
C00638,Anil D'Souza,Male,53,Abu Dhabi,Egypt,2000,Low Income,08-02-2020,Medium
C00639,Hassan Varghese,Male,29,Sharjah,Jordan,2000,Low Income,08-10-2016,Low
C00640,Noura Kim,Male,58,Dubai,UAE,2000,Low Income,16-03-2017,Low
C00641,Neha Menon,Female,36,Abu Dhabi,UAE,2000,Low Income,14-11-2019,Low
C00642,Nikhil Hassan,Female,29,Abu Dhabi,UK,2000,Low Income,31-08-2024,Medium
C00643,Imran Sebastian,Male,26,Dubai,India,2000,Low Income,22-06-2024,Medium
C00644,Mohammed Patel,Female,24,Abu Dhabi,Pakistan,2000,Low Income,11-06-2024,Low
C00645,Mary Varghese,Male,45,Dubai,Philippines,2000,Low Income,15-06-2025,Low
C00646,Sunil Varghese,Male,31,Abu Dhabi,Philippines,2000,Low Income,25-01-2016,Low
C00647,Sneha Gupta,Male,48,Dubai,Jordan,2000,Low Income,29-05-2019,Medium
C00648,Rashid D'Souza,Male,69,Abu Dhabi,Nepal,2000,Low Income,29-05-2025,Low
C00649,Abdullah Prasad,Female,36,Dubai,Philippines,2000,Low Income,27-10-2018,Low
C00650,Ahmed Pillai,Female,64,Ajman,India,2000,Low Income,15-03-2023,Medium
C00651,Sameer Patel,Male,33,Dubai,Bangladesh,2000,Low Income,29-06-2021,Medium
C00652,Noura Al Nahyan,Male,22,Abu Dhabi,UAE,2000,Low Income,22-09-2017,Low
C00653,Omar Oommen,Male,52,Abu Dhabi,India,2000,Low Income,11-07-2025,Low
C00654,Khalid Abraham,Male,29,Sharjah,UK,2000,Low Income,30-07-2024,Low
C00655,Imran Sheikh,Male,42,Abu Dhabi,India,2000,Low Income,06-05-2016,High
C00656,Anwar Patel,Male,69,Abu Dhabi,India,2000,Low Income,23-02-2017,Low
C00657,Imran Al Nahyan,Female,38,Sharjah,UAE,2000,Low Income,19-10-2018,Medium
C00658,Laila Sharma,Female,53,Ajman,Bangladesh,2000,Low Income,15-06-2022,Low
C00659,Nadia Nair,Male,40,Dubai,Pakistan,2000,Low Income,28-12-2023,Low
C00660,George Patel,Female,33,Abu Dhabi,Philippines,2000,Low Income,12-10-2015,Medium
C00661,Rakesh Sheikh,Male,56,Ajman,India,2000,Low Income,31-01-2024,Low
C00662,Sneha Khan,Male,62,Al Ain,Egypt,2000,Low Income,03-11-2020,Medium
C00663,Anwar Abraham,Male,59,Ras Al Khaimah,Egypt,2000,Low Income,30-01-2019,Low
C00664,Priya Kim,Female,56,Dubai,India,2000,Low Income,05-06-2025,Low
C00665,Hassan Menon,Female,31,Dubai,India,2000,Low Income,13-06-2023,Low
C00666,Nadia Khan,Female,48,Abu Dhabi,India,2000,Low Income,03-04-2017,Low
C00667,Nadia Rahman,Male,22,Sharjah,Lebanon,2000,Low Income,18-06-2025,High
C00668,Mary Iqbal,Female,52,Abu Dhabi,Philippines,2000,Low Income,17-12-2021,Low
C00669,Sneha Patel,Male,40,Abu Dhabi,Jordan,2000,Low Income,11-12-2024,Low
C00670,Sneha Das,Female,46,Ajman,India,2000,Low Income,03-05-2024,High
C00671,Sara Sheikh,Male,60,Dubai,Egypt,2000,Low Income,22-11-2018,Low
C00672,Shreya Menon,Male,28,Ajman,Egypt,2000,Low Income,06-05-2021,Low
C00673,Abdullah Kim,Female,35,Abu Dhabi,Philippines,2000,Low Income,17-10-2021,Medium
C00674,Anita Rahman,Female,64,Dubai,Lebanon,2000,Low Income,23-07-2021,Low
C00675,Rohan Sheikh,Male,29,Abu Dhabi,India,2000,Low Income,04-06-2022,Medium
C00676,Priya Patel,Female,26,Sharjah,UAE,2000,Low Income,29-01-2018,Medium
C00677,Nadia Nair,Male,27,Dubai,Philippines,2000,Low Income,22-01-2016,Low
C00678,Maya Fernandes,Female,61,Dubai,Philippines,2000,Low Income,24-11-2018,Low
C00679,Philip Oommen,Female,34,Umm Al Quwain,Pakistan,2000,Low Income,31-03-2022,Medium
C00680,Dina Cherian,Female,55,Dubai,India,2000,Low Income,26-04-2018,Low
C00681,Arjun D'Souza,Male,24,Abu Dhabi,Pakistan,2000,Low Income,02-03-2023,Medium
C00682,Joseph Sharma,Male,63,Abu Dhabi,India,2000,Low Income,14-12-2016,Low
C00683,Ameera Choudhary,Male,30,Abu Dhabi,India,2000,Low Income,06-05-2025,Low
C00684,Noura Varghese,Female,57,Abu Dhabi,Philippines,2000,Low Income,10-09-2022,Low
C00685,Abdullah Sharma,Male,59,Dubai,Egypt,2000,Low Income,11-06-2025,Medium
C00686,Ahmed Menon,Male,26,Abu Dhabi,India,2000,Low Income,18-05-2022,Low
C00687,Sultan Menon,Male,67,Dubai,India,2000,Low Income,22-05-2025,Low
C00688,Keerthi Philip,Male,44,Abu Dhabi,India,2000,Low Income,03-01-2017,Low
C00689,Nikhil Sheikh,Female,19,Dubai,India,2000,Low Income,23-01-2018,Low
C00690,Sara Patel,Male,22,Abu Dhabi,Egypt,2000,Low Income,29-08-2018,Low
C00691,Sameer Sheikh,Female,46,Dubai,UK,2000,Low Income,22-09-2017,Medium
C00692,Ali Varghese,Male,54,Dubai,India,2000,Low Income,13-12-2015,Low
C00693,Nadia Gupta,Male,55,Dubai,Egypt,2000,Low Income,10-05-2016,Low
C00694,Sameer Hassan,Male,36,Dubai,UK,2000,Low Income,01-12-2020,Medium
C00695,Zara Joseph,Male,25,Ajman,Bangladesh,2000,Low Income,12-09-2016,Low
C00696,Zayed D'Souza,Male,65,Dubai,India,2000,Low Income,14-03-2021,Medium
C00697,Omar Kim,Female,62,Fujairah,Jordan,2000,Low Income,27-07-2019,Low
C00698,Priya Philip,Male,18,Umm Al Quwain,India,2000,Low Income,04-11-2015,Low
C00699,Maya Iqbal,Female,39,Abu Dhabi,India,2000,Low Income,30-04-2016,Low
C00700,Ameera Rahman,Male,69,Dubai,UAE,2000,Low Income,16-06-2020,Low
C00701,Mohammed Varghese,Male,34,Dubai,Pakistan,2000,Low Income,18-10-2022,High
C00702,Dina Sheikh,Female,24,Sharjah,UAE,2000,Low Income,21-04-2018,Low
C00703,Shreya Joseph,Male,42,Dubai,India,2000,Low Income,10-05-2024,Medium
C00704,Maya Hassan,Male,62,Dubai,India,2000,Low Income,14-05-2019,Low
C00705,Nikhil Choudhary,Male,21,Abu Dhabi,Egypt,2000,Low Income,27-09-2021,Medium
C00706,Reem Nair,Male,53,Ajman,Bangladesh,2000,Low Income,09-06-2016,Low
C00707,Neha Al Nahyan,Female,23,Sharjah,India,2000,Low Income,17-09-2019,Low
C00708,Arjun Oommen,Male,48,Dubai,Bangladesh,2000,Low Income,10-11-2024,Low
C00709,Keerthi Varghese,Female,36,Abu Dhabi,Bangladesh,2000,Low Income,07-07-2020,Low
C00710,Anil D'Souza,Female,61,Dubai,Egypt,2000,Low Income,14-02-2023,Low
C00711,Ibrahim Ahmed,Male,56,Dubai,UAE,2000,Low Income,31-07-2022,Low
C00712,Huda Joseph,Female,44,Ras Al Khaimah,Philippines,2000,Low Income,16-05-2019,Medium
C00713,Zara Khan,Male,27,Dubai,Jordan,2000,Low Income,25-04-2021,Low
C00714,Sultan Nair,Female,43,Dubai,Philippines,2000,Low Income,29-04-2025,Medium
C00715,Noura D'Souza,Male,36,Dubai,India,2000,Low Income,25-03-2025,Medium
C00716,Reem Nair,Female,56,Ras Al Khaimah,Pakistan,2000,Low Income,11-05-2025,Low
C00717,Joseph Sheikh,Male,20,Sharjah,Philippines,2000,Low Income,08-07-2020,Medium
C00718,Sunil Varghese,Male,62,Abu Dhabi,Pakistan,2000,Low Income,07-07-2016,Medium
C00719,Hanna Kim,Female,30,Sharjah,UAE,2000,Low Income,20-11-2022,Medium
C00720,Rashid Das,Female,67,Dubai,India,2000,Low Income,24-02-2016,Medium
C00721,Mary D'Souza,Male,45,Abu Dhabi,Egypt,2000,Low Income,26-01-2023,Medium
C00722,Yasmin D'Souza,Male,37,Dubai,Bangladesh,2000,Low Income,22-08-2018,Low
C00723,Tanvi D'Souza,Female,45,Dubai,UAE,2000,Low Income,05-09-2023,Medium
C00724,Sameer Hassan,Female,25,Abu Dhabi,Jordan,2000,Low Income,05-07-2025,Low
C00725,Zayed Das,Female,58,Fujairah,India,2000,Low Income,24-02-2025,Medium
C00726,Shreya Cherian,Female,56,Dubai,Philippines,2000,Low Income,02-10-2015,Low
C00727,Imran Sheikh,Female,18,Dubai,Egypt,2000,Low Income,29-03-2018,High
C00728,Sameer Al Nahyan,Female,20,Dubai,Egypt,2000,Low Income,12-08-2020,Low
C00729,Hanna Al Maktoum,Male,30,Dubai,Jordan,2000,Low Income,28-04-2021,Low
C00730,Priya Das,Male,45,Ras Al Khaimah,India,2000,Low Income,11-03-2020,Medium
C00731,Tanvi Joseph,Female,66,Abu Dhabi,Bangladesh,2000,Low Income,30-10-2020,Low
C00732,George Iqbal,Female,42,Abu Dhabi,UAE,2000,Low Income,14-08-2022,Low
C00733,Dina Al Maktoum,Male,50,Sharjah,Philippines,2000,Low Income,12-02-2021,Medium
C00734,Rhea Ahmed,Male,55,Dubai,Egypt,2000,Low Income,11-07-2025,Low
C00735,Imran Das,Female,23,Abu Dhabi,Philippines,2000,Low Income,21-09-2021,Low
C00736,Shreya D'Souza,Male,61,Abu Dhabi,India,2000,Low Income,31-03-2022,Low
C00737,Anil Patel,Male,62,Abu Dhabi,Bangladesh,2000,Low Income,28-04-2019,Medium
C00738,Hassan Kim,Male,49,Al Ain,UAE,2000,Low Income,18-09-2021,Low
C00739,Lauren Cherian,Male,62,Sharjah,UAE,2000,Low Income,01-01-2016,Low
C00740,Fatima Al Nahyan,Male,64,Dubai,Philippines,2000,Low Income,26-10-2024,Low
C00741,Zayed Choudhary,Male,38,Ajman,Pakistan,2000,Low Income,18-07-2016,Low
C00742,Aisha Menon,Male,33,Dubai,Bangladesh,2000,Low Income,16-07-2023,Medium
C00743,Ali Mathew,Female,38,Dubai,India,2000,Low Income,25-01-2024,Low
C00744,Rhea Nair,Male,28,Dubai,UAE,2000,Low Income,13-04-2016,Medium
C00745,Priya Oommen,Female,54,Dubai,Bangladesh,2000,Low Income,10-05-2022,Medium
C00746,Noura Philip,Female,53,Abu Dhabi,Pakistan,2000,Low Income,30-10-2023,Low
C00747,Tanvi Choudhary,Male,52,Abu Dhabi,India,2000,Low Income,05-12-2024,Low
C00748,Noor Thomas,Female,36,Ras Al Khaimah,Philippines,2000,Low Income,05-11-2022,Medium
C00749,Noor Al Maktoum,Male,37,Abu Dhabi,Pakistan,2000,Low Income,27-10-2019,Low
C00750,Hanna D'Souza,Female,35,Abu Dhabi,Pakistan,2000,Low Income,03-02-2020,Low
C00751,Maya Abraham,Male,64,Dubai,Pakistan,2000,Low Income,31-07-2021,Low
C00752,Tanvi Iqbal,Female,58,Dubai,Bangladesh,2000,Low Income,05-02-2018,Low
C00753,Neha Joseph,Female,66,Abu Dhabi,Bangladesh,2000,Low Income,03-09-2019,High
C00754,Keerthi Nair,Male,31,Abu Dhabi,Philippines,2000,Low Income,09-04-2022,Medium
C00755,Raj Patel,Male,32,Ajman,UAE,2000,Low Income,07-10-2021,Medium
C00756,Anwar Sharma,Female,48,Dubai,Bangladesh,2000,Low Income,31-01-2020,Low
C00757,Zara Sharma,Female,18,Dubai,Philippines,2000,Low Income,26-03-2022,High
C00758,Nikhil Khan,Male,20,Abu Dhabi,Philippines,2000,Low Income,04-10-2021,Low
C00759,Zara Cherian,Female,33,Dubai,India,2000,Low Income,22-07-2024,Low
C00760,George Pillai,Male,40,Dubai,Bangladesh,2000,Low Income,22-04-2017,Low
C00761,Sameer Thomas,Female,28,Sharjah,Philippines,2000,Low Income,31-05-2021,Medium
C00762,Joseph Patel,Male,29,Dubai,UAE,2000,Low Income,03-06-2019,Low
C00763,Ali Philip,Female,27,Abu Dhabi,India,2000,Low Income,03-04-2023,Low
C00764,Lauren Das,Male,49,Dubai,UK,2000,Low Income,30-07-2018,High
C00765,Rhea Kim,Male,33,Dubai,UAE,2000,Low Income,22-11-2021,Medium
C00766,Sunil Patel,Male,25,Dubai,Lebanon,2000,Low Income,21-03-2019,Low
C00767,Lauren Fernandes,Male,55,Sharjah,Philippines,2000,Low Income,24-05-2019,Low
C00768,Maya D'Souza,Male,29,Dubai,Philippines,2000,Low Income,13-03-2024,Low
C00769,Rohan Ahmed,Male,41,Sharjah,India,2000,Low Income,04-11-2016,Low
C00770,Priya Hassan,Female,45,Dubai,India,2000,Low Income,27-08-2023,Medium
C00771,Vivek Mathew,Male,25,Sharjah,Jordan,2000,Low Income,09-11-2019,Medium
C00772,Vivek Menon,Male,45,Dubai,India,2000,Low Income,18-09-2024,Low
C00773,Rakesh Menon,Male,53,Abu Dhabi,Egypt,2000,Low Income,24-10-2017,Low
C00774,Fatima Prasad,Male,43,Abu Dhabi,India,2000,Low Income,26-01-2019,Low
C00775,Nikhil Hassan,Male,25,Fujairah,UAE,2000,Low Income,23-09-2022,Medium
C00776,Anita Khan,Male,67,Dubai,UAE,2000,Low Income,20-10-2024,Medium
C00777,Vivek D'Souza,Male,45,Dubai,Pakistan,2000,Low Income,22-05-2017,Medium
C00778,Tanvi Gupta,Male,45,Dubai,Lebanon,2000,Low Income,14-11-2024,Medium
C00779,Dina Al Nahyan,Male,54,Ajman,India,2000,Low Income,02-01-2024,Low
C00780,Philip Singh,Female,58,Abu Dhabi,India,2000,Low Income,03-01-2024,Low
C00781,Neha Prasad,Male,53,Sharjah,India,2000,Low Income,18-04-2018,Medium
C00782,George Gupta,Male,44,Dubai,Pakistan,2000,Low Income,21-09-2022,Low
C00783,Raj Abraham,Female,34,Dubai,India,2000,Low Income,29-04-2021,Medium
C00784,Ali Iqbal,Male,26,Dubai,Bangladesh,2000,Low Income,05-09-2017,Low
C00785,Anwar Fernandes,Female,50,Umm Al Quwain,Pakistan,2000,Low Income,02-06-2024,Medium
C00786,Hanna Sharma,Male,37,Abu Dhabi,Pakistan,2000,Low Income,01-07-2021,Low
C00787,Tanvi Gupta,Female,30,Fujairah,UAE,2000,Low Income,02-10-2021,Low
C00788,Sultan Gupta,Female,45,Dubai,Sri Lanka,2000,Low Income,03-07-2023,Low
C00789,Nikhil Pillai,Male,65,Abu Dhabi,India,2000,Low Income,18-11-2017,Low
C00790,Arjun Das,Female,46,Abu Dhabi,UAE,2000,Low Income,21-07-2022,High
C00791,Anil Cherian,Male,30,Dubai,Philippines,2000,Low Income,07-04-2021,Low
C00792,Anwar Das,Male,63,Ajman,Pakistan,2000,Low Income,01-09-2015,Medium
C00793,Mohammed Menon,Female,52,Fujairah,India,2000,Low Income,23-10-2018,Low
C00794,Ibrahim Al Nahyan,Female,23,Ras Al Khaimah,India,2000,Low Income,27-05-2024,High
C00795,Keerthi Mathew,Male,35,Sharjah,Egypt,2000,Low Income,08-02-2016,Medium
C00796,Sultan Nair,Male,68,Dubai,India,2000,Low Income,16-01-2020,Low
C00797,Mary Joseph,Male,22,Dubai,Bangladesh,2000,Low Income,07-01-2025,Medium
C00798,George Varghese,Male,64,Umm Al Quwain,Philippines,2000,Low Income,08-06-2019,Low
C00799,Dina Rahman,Female,42,Dubai,India,2000,Low Income,23-12-2017,Low
C00800,Noor Fernandes,Male,19,Sharjah,India,2000,Low Income,11-03-2019,Low
C00801,Arjun Choudhary,Male,27,Sharjah,India,2000,Low Income,14-02-2020,High
C00802,Sameer Cherian,Male,47,Abu Dhabi,Egypt,2000,Low Income,08-06-2019,Low
C00803,Khalid Oommen,Male,67,Al Ain,Pakistan,2000,Low Income,26-09-2024,Low
C00804,Abdullah Joseph,Male,62,Dubai,India,2000,Low Income,15-12-2020,High
C00805,Anita Prasad,Female,22,Dubai,Pakistan,2000,Low Income,16-07-2025,Low
C00806,Hassan Sharma,Female,50,Dubai,Nepal,2000,Low Income,25-06-2020,Low
C00807,Rohan Choudhary,Female,18,Abu Dhabi,India,2000,Low Income,07-10-2016,Low
C00808,George Singh,Male,35,Dubai,USA,2000,Low Income,16-03-2020,High
C00809,Yasmin Choudhary,Female,49,Dubai,India,2000,Low Income,14-08-2022,Low
C00810,Sneha Patel,Female,64,Ajman,UAE,2000,Low Income,07-08-2023,Low
C00811,Joseph Nair,Female,66,Fujairah,India,2000,Low Income,11-06-2023,Low
C00812,Imran Iqbal,Male,28,Dubai,India,2000,Low Income,14-03-2022,High
C00813,Tanvi Singh,Male,38,Dubai,India,2000,Low Income,17-02-2024,Low
C00814,Tanvi Hassan,Male,43,Fujairah,UAE,2000,Low Income,24-05-2023,Low
C00815,Nadia Mathew,Male,42,Dubai,USA,2000,Low Income,20-08-2024,Medium
C00816,Mary Choudhary,Male,39,Dubai,Bangladesh,2000,Low Income,04-01-2022,Medium
C00817,Rashid Khan,Male,44,Dubai,Egypt,2000,Low Income,02-01-2025,Low
C00818,Sunil Sebastian,Male,66,Abu Dhabi,UAE,2000,Low Income,28-10-2023,Medium
C00819,Sneha Patel,Female,30,Dubai,UAE,2000,Low Income,01-04-2016,Low
C00820,Khalid Pillai,Male,50,Umm Al Quwain,UAE,2000,Low Income,26-12-2021,Low
C00821,Dina Pillai,Male,51,Abu Dhabi,Philippines,2000,Low Income,13-04-2019,Low
C00822,Sunil Philip,Female,58,Abu Dhabi,USA,2000,Low Income,10-06-2016,Low
C00823,Maya Prasad,Female,52,Dubai,India,2000,Low Income,25-03-2019,Low
C00824,Anwar Mathew,Female,18,Abu Dhabi,UAE,2000,Low Income,30-03-2020,Low
C00825,Anil Pillai,Female,38,Abu Dhabi,Pakistan,2000,Low Income,22-01-2023,Medium
C00826,Raj Sheikh,Male,65,Sharjah,India,2000,Low Income,09-11-2020,Low
C00827,Fatima Abraham,Female,23,Sharjah,India,2000,Low Income,24-12-2019,High
C00828,Nadia Varghese,Male,45,Abu Dhabi,Philippines,2000,Low Income,06-06-2024,Low
C00829,Hanna Iqbal,Male,34,Ras Al Khaimah,Philippines,2000,Low Income,14-10-2020,Medium
C00830,Reem Al Maktoum,Male,22,Sharjah,UAE,2000,Low Income,17-10-2017,Low
C00831,Anwar Prasad,Male,48,Sharjah,UAE,2000,Low Income,03-08-2016,Medium
C00832,Zara Joseph,Male,22,Dubai,Nepal,2000,Low Income,10-10-2021,Low
C00833,Rakesh Menon,Female,55,Dubai,India,2000,Low Income,26-07-2022,Medium
C00834,Reem Rahman,Female,20,Dubai,UAE,2000,Low Income,15-04-2016,Low
C00835,Sneha Nair,Male,40,Abu Dhabi,India,2000,Low Income,26-12-2017,Low
C00836,Mohammed Al Nahyan,Male,54,Abu Dhabi,UAE,2000,Low Income,14-10-2018,High
C00837,Lauren Sheikh,Female,54,Abu Dhabi,India,2000,Low Income,03-09-2019,Low
C00838,Sneha Ahmed,Female,27,Ras Al Khaimah,Egypt,2000,Low Income,20-03-2018,Low
C00839,Priya Cherian,Male,27,Ras Al Khaimah,India,2000,Low Income,06-05-2021,Low
C00840,Sameer Nair,Female,36,Ras Al Khaimah,India,2000,Low Income,24-08-2022,Low
C00841,Maya Patel,Male,34,Dubai,Philippines,2000,Low Income,07-12-2018,Low
C00842,Khalid Pillai,Male,38,Abu Dhabi,Pakistan,2000,Low Income,05-07-2020,Low
C00843,Dina Kim,Female,31,Dubai,Bangladesh,2000,Low Income,06-07-2022,Low
C00844,Sameer Rahman,Male,26,Dubai,Bangladesh,2000,Low Income,15-12-2022,Low
C00845,Keerthi Singh,Male,63,Dubai,UAE,2000,Low Income,18-04-2025,Medium
C00846,Sultan Nair,Female,18,Dubai,Egypt,2000,Low Income,12-07-2017,Low
C00847,Noura Das,Female,68,Abu Dhabi,Pakistan,2000,Low Income,19-08-2017,Medium
C00848,Anil Prasad,Male,62,Ajman,Sri Lanka,2000,Low Income,17-05-2022,Medium
C00849,Neha Abraham,Male,30,Dubai,Pakistan,2000,Low Income,13-05-2020,Low
C00850,Noura Sharma,Male,21,Sharjah,Sri Lanka,2000,Low Income,03-02-2017,Low
C00851,Mohammed Kim,Female,18,Abu Dhabi,Egypt,2000,Low Income,08-10-2020,High
C00852,Khalid Fernandes,Male,66,Dubai,India,2000,Low Income,09-07-2018,High
C00853,Ibrahim Patel,Male,57,Abu Dhabi,Pakistan,2000,Low Income,20-09-2023,Low
C00854,Priya D'Souza,Female,49,Dubai,Nepal,2000,Low Income,09-03-2020,Low
C00855,Khalid Ahmed,Male,51,Abu Dhabi,Bangladesh,2000,Low Income,14-11-2022,Low
C00856,Tanvi Mathew,Male,45,Abu Dhabi,UAE,2000,Low Income,20-07-2022,Low
C00857,Sameer Cherian,Male,48,Dubai,Philippines,2000,Low Income,19-10-2018,Low
C00858,Reem Mathew,Female,25,Dubai,India,2000,Low Income,05-03-2021,Low
C00859,Aisha Hassan,Male,56,Abu Dhabi,UAE,2000,Low Income,20-09-2017,Medium
C00860,Anita Fernandes,Male,43,Ras Al Khaimah,India,2000,Low Income,18-06-2021,Low
C00861,Sneha D'Souza,Female,51,Dubai,India,2000,Low Income,04-09-2020,Low
C00862,Zara Al Maktoum,Male,20,Sharjah,Egypt,2000,Low Income,01-05-2022,Medium
C00863,Nikhil Fernandes,Male,67,Abu Dhabi,India,2000,Low Income,10-01-2023,Low
C00864,Reem Das,Male,29,Fujairah,Bangladesh,2000,Low Income,03-09-2021,Medium
C00865,Philip Khan,Male,18,Ajman,UAE,2000,Low Income,11-10-2015,Medium
C00866,Aisha Choudhary,Male,61,Abu Dhabi,India,2000,Low Income,02-09-2022,Low
C00867,Yasmin Iqbal,Male,22,Abu Dhabi,India,2000,Low Income,28-02-2020,Low
C00868,Arjun Choudhary,Male,47,Ras Al Khaimah,India,2000,Low Income,28-07-2018,Low
C00869,Vivek Fernandes,Male,47,Dubai,UAE,2000,Low Income,23-11-2018,Low
C00870,Joseph Prasad,Female,34,Dubai,India,2000,Low Income,26-12-2019,Medium
C00871,Imran Sebastian,Female,65,Dubai,Pakistan,2000,Low Income,07-01-2018,Low
C00872,Laila Philip,Female,64,Ajman,India,2000,Low Income,14-08-2018,Low
C00873,Laila Prasad,Female,40,Sharjah,India,2000,Low Income,14-08-2016,Low
C00874,Raj Varghese,Male,32,Dubai,India,2000,Low Income,28-01-2022,Low
C00875,Ameera Nair,Female,54,Abu Dhabi,Bangladesh,2000,Low Income,14-04-2022,Low
C00876,Philip Khan,Male,38,Abu Dhabi,UK,2000,Low Income,22-06-2018,Low
C00877,Anita D'Souza,Female,31,Dubai,Pakistan,2000,Low Income,14-12-2023,Low
C00878,Sara Nair,Female,19,Al Ain,India,2000,Low Income,27-11-2018,Medium
C00879,Sameer Sharma,Female,28,Dubai,UAE,2000,Low Income,07-09-2021,Low
C00880,Noor Ahmed,Female,68,Dubai,Jordan,2000,Low Income,16-07-2019,Medium
C00881,Nikhil D'Souza,Male,56,Abu Dhabi,UAE,2000,Low Income,06-10-2022,Medium
C00882,Fatima Nair,Male,55,Sharjah,India,2000,Low Income,07-07-2019,Medium
C00883,Ahmed Mathew,Male,51,Dubai,India,2000,Low Income,20-11-2015,Low
C00884,Priya Philip,Female,55,Abu Dhabi,India,2000,Low Income,13-12-2022,Low
C00885,Zayed Khan,Male,67,Abu Dhabi,UAE,2000,Low Income,07-11-2018,Low
C00886,Noor Sharma,Female,51,Dubai,Egypt,2000,Low Income,15-01-2016,High
C00887,Aisha Nair,Female,35,Dubai,UAE,2000,Low Income,10-08-2016,Low
C00888,Dina Rahman,Male,47,Abu Dhabi,Philippines,2000,Low Income,10-06-2019,Low
C00889,Huda Ahmed,Female,32,Dubai,UAE,2000,Low Income,30-04-2019,Medium
C00890,Dina Al Maktoum,Female,44,Fujairah,UAE,2000,Low Income,02-01-2018,Low
C00891,Rohan Patel,Female,68,Sharjah,UK,2000,Low Income,13-05-2022,Low
C00892,Ameera Mathew,Female,51,Al Ain,India,2000,Low Income,24-09-2016,Low
C00893,Abdullah Philip,Male,69,Dubai,Bangladesh,2000,Low Income,27-05-2016,Low
C00894,Anil Patel,Female,55,Umm Al Quwain,Pakistan,2000,Low Income,06-05-2023,Medium
C00895,Abdullah Iqbal,Female,50,Abu Dhabi,UAE,2000,Low Income,21-06-2024,Low
C00896,Hanna Al Nahyan,Male,41,Dubai,Jordan,2000,Low Income,18-02-2023,Low
C00897,Sultan Choudhary,Male,32,Dubai,India,2000,Low Income,11-02-2018,Low
C00898,Nikhil Oommen,Female,47,Dubai,Bangladesh,2000,Low Income,25-04-2016,Medium
C00899,Lauren Patel,Male,59,Abu Dhabi,UAE,2000,Low Income,23-05-2025,Low
C00900,Reem Khan,Female,68,Abu Dhabi,Bangladesh,2000,Low Income,25-11-2015,Low
C00901,Aisha Sheikh,Female,34,Dubai,UAE,2000,Low Income,03-05-2025,Medium
C00902,Rashid Rahman,Male,22,Abu Dhabi,Pakistan,2000,Low Income,18-05-2019,Low
C00903,Tanvi Ahmed,Male,46,Dubai,Egypt,2000,Low Income,20-12-2019,Low
C00904,Neha Kim,Female,21,Abu Dhabi,Jordan,2000,Low Income,28-05-2022,Low
C00905,Ibrahim Al Maktoum,Male,27,Dubai,UK,2000,Low Income,12-11-2020,High
C00906,Mary Varghese,Male,34,Ajman,Egypt,2000,Low Income,24-10-2021,Low
C00907,Philip Nair,Male,27,Ajman,UK,2000,Low Income,03-08-2019,Low
C00908,Joseph Nair,Male,34,Abu Dhabi,India,2000,Low Income,12-04-2018,Medium
C00909,Anita Abraham,Female,37,Dubai,India,2000,Low Income,10-08-2019,Medium
C00910,Anwar Philip,Male,41,Dubai,India,2000,Low Income,28-01-2021,Medium
C00911,Nadia Kim,Female,22,Sharjah,India,2000,Low Income,02-02-2025,Low
C00912,Zayed Hassan,Male,51,Dubai,India,2000,Low Income,02-10-2017,Low
C00913,Philip Oommen,Male,23,Dubai,Pakistan,2000,Low Income,17-10-2021,Low
C00914,George Patel,Female,19,Dubai,UAE,2000,Low Income,06-12-2018,Low
C00915,Abdullah Abraham,Female,30,Abu Dhabi,Philippines,2000,Low Income,03-02-2023,Low
C00916,Rhea Ahmed,Male,60,Abu Dhabi,UAE,2000,Low Income,03-03-2018,Low
C00917,Rakesh Ahmed,Male,60,Ajman,India,2000,Low Income,27-09-2018,High
C00918,Reem Das,Male,65,Dubai,Pakistan,2000,Low Income,22-12-2023,Low
C00919,Ameera Sebastian,Male,28,Dubai,Egypt,2000,Low Income,14-09-2018,Low
C00920,Sultan D'Souza,Female,68,Sharjah,Philippines,2000,Low Income,13-11-2022,Low
C00921,Laila Rahman,Male,64,Ajman,Philippines,2000,Low Income,24-06-2022,Low
C00922,Ibrahim Cherian,Male,40,Dubai,UAE,2000,Low Income,21-08-2019,Low
C00923,Raj Rahman,Male,33,Abu Dhabi,Pakistan,2000,Low Income,04-12-2019,Medium
C00924,Yasmin Prasad,Female,48,Dubai,UAE,2000,Low Income,28-03-2022,Low
C00925,Zara Hassan,Female,28,Fujairah,India,2000,Low Income,28-01-2019,High
C00926,Noura Singh,Male,33,Dubai,India,2000,Low Income,15-09-2024,Low
C00927,Anil Varghese,Female,25,Fujairah,UAE,2000,Low Income,03-10-2017,Low
C00928,Rhea Varghese,Male,21,Abu Dhabi,India,2000,Low Income,18-06-2021,High
C00929,Nikhil Sharma,Male,57,Abu Dhabi,Jordan,2000,Low Income,03-01-2020,Low
C00930,Khalid Nair,Female,21,Dubai,Jordan,2000,Low Income,23-06-2016,Low
C00931,Tanvi Joseph,Female,42,Abu Dhabi,India,2000,Low Income,26-12-2019,Low
C00932,Rohan Al Maktoum,Female,20,Abu Dhabi,UAE,2000,Low Income,14-03-2024,Low
C00933,Mary Prasad,Male,49,Dubai,UAE,2000,Low Income,15-01-2020,High
C00934,Mary Al Maktoum,Male,20,Abu Dhabi,India,2000,Low Income,02-04-2025,Low
C00935,Rhea Ahmed,Female,44,Umm Al Quwain,Jordan,2000,Low Income,20-08-2023,Low
C00936,Dina Singh,Male,46,Abu Dhabi,UAE,2000,Low Income,21-10-2015,High
C00937,Khalid Choudhary,Male,49,Sharjah,Egypt,2000,Low Income,02-11-2015,Low
C00938,Arjun Sebastian,Male,67,Dubai,UAE,2000,Low Income,15-06-2025,Medium
C00939,Aisha Philip,Female,68,Abu Dhabi,Sri Lanka,2000,Low Income,19-09-2024,Low
C00940,Nadia Sebastian,Male,36,Dubai,India,2000,Low Income,04-09-2016,Medium
C00941,Yasmin Pillai,Male,38,Abu Dhabi,Egypt,2000,Low Income,07-06-2024,Medium
C00942,Sneha Rahman,Female,22,Fujairah,India,2000,Low Income,13-06-2018,Medium
C00943,Ali D'Souza,Male,35,Abu Dhabi,Philippines,2000,Low Income,24-07-2022,Medium
C00944,Nikhil Gupta,Male,45,Dubai,India,2000,Low Income,07-09-2024,Low
C00945,Rhea D'Souza,Male,59,Dubai,UAE,2000,Low Income,10-03-2016,Low
C00946,Sultan Al Nahyan,Male,39,Abu Dhabi,Jordan,2000,Low Income,20-08-2021,Low
C00947,George Abraham,Male,38,Abu Dhabi,USA,2000,Low Income,20-02-2020,Low
C00948,Lauren Mathew,Male,23,Ajman,UK,2000,Low Income,24-07-2018,High
C00949,Anil Philip,Female,18,Sharjah,Philippines,2000,Low Income,21-05-2019,Medium
C00950,Abdullah Fernandes,Male,22,Abu Dhabi,Egypt,2000,Low Income,17-05-2025,Low
C00951,Sara Pillai,Female,58,Dubai,UAE,2000,Low Income,10-03-2021,Medium
C00952,Rohan Iqbal,Female,29,Dubai,India,2000,Low Income,08-03-2024,Low
C00953,Anil Mathew,Male,43,Dubai,India,2000,Low Income,23-01-2019,Low
C00954,Nadia Mathew,Female,63,Dubai,Philippines,2000,Low Income,29-11-2016,Medium
C00955,Sneha Gupta,Male,51,Abu Dhabi,India,2000,Low Income,11-09-2023,Low
C00956,Anita Philip,Female,66,Abu Dhabi,UAE,2000,Low Income,12-10-2023,Low
C00957,Raj Choudhary,Male,31,Abu Dhabi,Pakistan,2000,Low Income,09-05-2021,Low
C00958,Rhea D'Souza,Male,43,Dubai,Egypt,2000,Low Income,14-01-2022,High
C00959,Nadia Gupta,Female,62,Dubai,India,2000,Low Income,29-09-2021,Medium
C00960,Hanna Abraham,Female,44,Dubai,UAE,2000,Low Income,26-02-2017,Low
C00961,Tanvi Das,Female,26,Dubai,India,2000,Low Income,15-10-2016,Medium
C00962,Nadia Khan,Male,43,Ajman,India,2000,Low Income,14-07-2016,Low
C00963,Philip Joseph,Female,64,Dubai,India,2000,Low Income,30-04-2018,Medium
C00964,Nikhil Prasad,Male,39,Abu Dhabi,Philippines,2000,Low Income,29-04-2021,Low
C00965,Rakesh Sharma,Male,64,Dubai,Pakistan,2000,Low Income,19-08-2022,Low
C00966,Fatima Thomas,Male,47,Ras Al Khaimah,Philippines,2000,Low Income,08-09-2024,Low
C00967,Anita Kim,Female,60,Abu Dhabi,India,2000,Low Income,11-11-2022,Low
C00968,Imran Menon,Male,65,Dubai,Bangladesh,2000,Low Income,13-02-2020,Low
C00969,Yasmin Mathew,Male,34,Abu Dhabi,India,2000,Low Income,13-08-2023,Low
C00970,Ahmed Thomas,Female,43,Sharjah,Pakistan,2000,Low Income,28-12-2017,Low
C00971,Sara Philip,Male,53,Umm Al Quwain,Egypt,2000,Low Income,26-10-2024,Medium
C00972,Nikhil Hassan,Male,18,Dubai,India,2000,Low Income,03-07-2018,Low
C00973,Joseph Nair,Male,25,Ras Al Khaimah,UAE,2000,Low Income,02-11-2015,Medium
C00974,Dina Das,Female,66,Fujairah,UK,2000,Low Income,03-10-2015,Medium
C00975,Fatima Al Maktoum,Male,52,Ras Al Khaimah,India,2000,Low Income,28-02-2025,Low
C00976,Dina Oommen,Male,69,Abu Dhabi,Philippines,2000,Low Income,18-12-2022,Low
C00977,Laila Hassan,Female,32,Abu Dhabi,UAE,2000,Low Income,14-06-2021,Low
C00978,Noura Patel,Female,64,Abu Dhabi,Philippines,2000,Low Income,13-11-2024,Medium
C00979,Yasmin Thomas,Male,39,Sharjah,India,2000,Low Income,31-01-2019,Low
C00980,Khalid Menon,Female,31,Abu Dhabi,UAE,2000,Low Income,09-03-2017,Medium
C00981,Sultan Varghese,Female,43,Abu Dhabi,Pakistan,2000,Low Income,14-03-2023,Medium
C00982,Ameera Philip,Female,45,Abu Dhabi,India,2000,Low Income,25-04-2022,Medium
C00983,Philip Al Maktoum,Male,40,Sharjah,India,2000,Low Income,11-09-2023,Low
C00984,Aisha Nair,Female,31,Ajman,UAE,2000,Low Income,23-09-2024,Low
C00985,Hassan Gupta,Male,41,Dubai,UAE,2000,Low Income,09-10-2017,Medium
C00986,Hanna Al Nahyan,Male,19,Ajman,India,2000,Low Income,18-06-2021,Low
C00987,Tanvi Al Maktoum,Male,62,Abu Dhabi,UAE,2000,Low Income,05-01-2017,Medium
C00988,Anita Patel,Male,43,Ajman,USA,2000,Low Income,10-04-2018,Low
C00989,Nikhil Rahman,Male,31,Abu Dhabi,UAE,2000,Low Income,13-04-2024,Low
C00990,Neha Abraham,Female,68,Dubai,Pakistan,2000,Low Income,10-05-2016,Low
C00991,Ibrahim Rahman,Male,24,Ras Al Khaimah,UAE,2000,Low Income,16-09-2018,Low
C00992,Anita Fernandes,Male,20,Dubai,India,2000,Low Income,12-04-2016,Low
C00993,Imran Oommen,Male,64,Ajman,USA,2000,Low Income,08-05-2023,Low
C00994,Sneha Mathew,Male,40,Abu Dhabi,UAE,2000,Low Income,06-04-2023,Low
C00995,Rhea Ahmed,Female,63,Abu Dhabi,Lebanon,2000,Low Income,22-05-2022,Low
C00996,George Pillai,Male,60,Dubai,India,2000,Low Income,02-10-2023,Low
C00997,Tanvi Philip,Male,64,Abu Dhabi,Egypt,2000,Low Income,03-04-2019,Medium
C00998,Neha Oommen,Male,62,Dubai,Pakistan,2000,Low Income,16-08-2020,Low
C00999,Nikhil Menon,Male,35,Dubai,UK,2000,Low Income,16-08-2021,Low
C01000,Mohammed Iqbal,Male,55,Dubai,Pakistan,2000,Low Income,26-09-2020,Medium
